x,y,z,qw,qx,qy,qz
-0.4687925872410874,-0.8928159838183254,0.45067856751101987,-0.12867459042153803,-0.697333826241466,0.6948230774502819,0.119948105699258
-0.4687596887368513,-0.8948751120323738,0.45076464123830784,-0.1280689368826,-0.701198344051398,0.6908993827268779,0.120733693646542
-0.4687273241767539,-0.8969348730847816,0.4507707192505901,-0.128073238411436,-0.699659650611406,0.692554759816312,0.120171112648532
-0.46869469264458713,-0.8989943177180097,0.45081679512037526,-0.128015372507962,-0.7020364700067061,0.690012878841108,0.12098721190223198
-0.468662394827507,-0.9010541578752125,0.4508128736682818,-0.129193172031256,-0.6993659069935141,0.692456367222528,0.12123797155183799
-0.4686297632953403,-0.9031136025084406,0.450858949538067,-0.12818318568794002,-0.7004092887946021,0.6917071293468101,0.12056290829673198
-0.4685972652492082,-0.9051732053512587,0.4508850264791007,-0.128106022530748,-0.6994463990827801,0.6927711240936599,0.12012756545317199
-0.46856463371704143,-0.9072326499844867,0.45093110234888584,-0.12811453326302605,-0.701646779459794,0.6903980130499578,0.12094754272356599
-0.468532269156944,-0.9092924110368946,0.4509371803611681,-0.12744467293060202,-0.7039555453482821,0.688141783211704,0.121094612274288
-0.4685001715689159,-0.9113524885084823,0.4509032605159476,-0.128199597041932,-0.6993151784834399,0.6928781045957041,0.120176881613448
-0.4684675400367491,-0.9134119331417103,0.4509493363857327,-0.12783316871199,-0.7009661592074939,0.691236574036554,0.120398256414802
-0.4684351087336344,-0.9154716150893232,0.45096541386239075,-0.12718168003362001,-0.70611572935206,0.685881184980604,0.121621269474704
-0.4684032781176757,-0.9175320089800907,0.45089149615966734,-0.12837974359606003,-0.6984259547745201,0.693764333196218,0.12003958234215
-0.46837051309947425,-0.9195912954037289,0.4509575709582039,-0.127861685464344,-0.701638180774764,0.6905011108012179,0.120676847862596
-0.4683381485393768,-0.9216510564561368,0.45096364897048613,-0.12873540071831202,-0.698965104342386,0.6930561199410379,0.12060921737033199
-0.46830551700721,-0.9237105010893648,0.45100972484027124,-0.12784602224682,-0.7016390291512441,0.6905046318957341,0.12066140295735
-0.46827315244711265,-0.9257702621417727,0.4510158028525536,-0.12818362632039,-0.7007664631991861,0.691322985565592,0.120695023442562
-0.4682406544009805,-0.9278298649845907,0.4510418797935873,-0.12777874752656,-0.7015360769197441,0.6906410087678059,0.12055214986906598
-0.46820828984088314,-0.9298896260369987,0.4510479578058696,-0.128045372318008,-0.70029444869517,0.691881715701032,0.120375527134812
-0.46817579179475105,-0.9319492288798166,0.4510740347469033,-0.12841097951629402,-0.699059484942246,0.6930750703806261,0.12030369848893399
-0.46814309351956696,-0.9340085944082497,0.45113011008106413,-0.127643579422746,-0.7004687489851841,0.691841402211876,0.120018083057904
-0.46811059547343487,-0.9360681972510677,0.4511561870220978,-0.12686740014449,-0.7029404871594962,0.6894588547569059,0.12010621960989198
-0.4680783643993721,-0.9381281165130655,0.45114226610562874,-0.127856228752224,-0.701489764995728,0.690663288067808,0.12061706119962
-0.4680459998392747,-0.9401878775654733,0.451148344117911,-0.128080485705548,-0.7010287430201101,0.691077258531824,0.12068212594581398
-0.46801356853615994,-0.9422475595130863,0.45116442159456904,-0.12861756296005203,-0.6997423072243361,0.6922647118634101,0.120772148293776
-0.4679810037470105,-0.9443070832511092,0.4512004979999784,-0.12832765418540598,-0.700160587641686,0.6919216791643019,0.12062232031062399
-0.4679484389578611,-0.9463666069891323,0.45123657440538784,-0.128059971895912,-0.701292282757004,0.690801184380418,0.12075780189382598
-0.46791607439776367,-0.9484263680415401,0.45124265241767014,-0.128331109981784,-0.699022471426142,0.6931431385718179,0.120207763357972
-0.4678833761225796,-0.9504857335699733,0.45129872775183094,-0.12769311609518197,-0.7012603264555541,0.690970115594538,0.120360380923958
-0.4678509448194648,-0.9525454155175863,0.451314805228489,-0.127651721779662,-0.701675345641564,0.6905374838772279,0.12046987467013401
-0.4678185802593674,-0.9546051765699941,0.45132088324077124,-0.128019177691432,-0.7005657527594661,0.691599219131812,0.12044705629070201
-0.4677860822132353,-0.9566647794128121,0.4513469601818049,-0.127778198399508,-0.70158650722445,0.6905869427999899,0.12057021492226999
-0.4677537176531379,-0.95872454046522,0.4513530381940873,-0.128078813874062,-0.700728319329436,0.691402347523428,0.120570243517386
-0.46772128635002314,-0.9607842224128329,0.4513691156707453,-0.12794573399168602,-0.700978307618912,0.691182136336288,0.12052208278026
-0.4676888550469084,-0.9628439043604459,0.4513851931474032,-0.12779149897997003,-0.7012929363745,0.69089926831128,0.12047596649569
-0.4676564237437936,-0.9649035863080588,0.45140127062406127,-0.12837429860479602,-0.6993869275083721,0.6927370547990059,0.120386324355662
-0.46762379221162687,-0.9669630309412869,0.4514473464938464,-0.127707993350134,-0.70212367031036,0.690031877698138,0.120694263186244
-0.4675914943945468,-0.9690228710984897,0.45144342504175294,-0.12790319224474,-0.7008141649574641,0.691374791681562,0.120417158041344
-0.46755899634841475,-0.9710824739413078,0.45146950198278674,-0.128199923193732,-0.7007438911847741,0.6913415231214259,0.12070252501076802
-0.46752656504529994,-0.9731421558889206,0.4514855794594447,-0.12824183409367804,-0.700268618854694,0.691836772391828,0.12057207122999
-0.4674940002561505,-0.9752016796269437,0.4515216558648541,-0.127690695758816,-0.7013948210281019,0.690826406830758,0.12040667442304798
-0.46746163569605315,-0.9772614406793515,0.45152773387713635,-0.12779365842573204,-0.7015240237050581,0.690648872719682,0.12056256824887202
-0.46742927113595567,-0.9793212017317594,0.4515338118894187,-0.127716370227214,-0.701185863547876,0.691042733800886,0.12035612633764199
-0.46739683983284097,-0.9813808836793724,0.4515498893660767,-0.1280790513471,-0.7003606423989661,0.6917985786620819,0.12043450448559398
-0.4673643417867088,-0.9834404865221903,0.45157596630711044,-0.128625513183584,-0.6993367233194879,0.692697965334548,0.12063112553498598
-0.46733171025454207,-0.9854999311554183,0.45162204217689556,-0.12823659088876,-0.7001888375212519,0.691924963730572,0.12053684745042
-0.46729914546539264,-0.9875594548934414,0.4516581185823049,-0.12804216235220603,-0.703279211388794,0.6886550219411001,0.12147737607048602
-0.4672669811343472,-0.9896194532602341,0.4516341982014601,-0.128507534724756,-0.6989674429730479,0.69313796374674,0.12037168199133601
-0.46723434960218047,-0.9916788978934622,0.4516802740712452,-0.12812002941672399,-0.7013665957974481,0.6906982194542299,0.120848498379584
-0.4672019182990657,-0.9937385798410752,0.4516963515479033,-0.128168504841418,-0.70027568467285,0.6918571755993379,0.12049692744367199
-0.4671694202529337,-0.9957981826838932,0.45172242848893696,-0.12808376569719002,-0.6998325278303361,0.69236485379991,0.120245900694632
-0.46713685546378425,-0.9978577064219162,0.4517585048943463,-0.128500170170562,-0.6986705522737761,0.69345807781253,0.12025563292447
-0.46710415718860016,-0.9999170719503494,0.45181458022850723,-0.127638791761276,-0.704080289423128,0.687933951197254,0.12134747870759999
-0.4670720596005721,-1.001977149421937,0.4517806603832867,-0.127947534890856,-0.702203150487944,0.6898583051891141,0.12097618534269199
-0.46703976178349194,-1.00403698957914,0.45177673893119324,-0.12838853792888402,-0.7011544358292842,0.690827778090342,0.121053062916782
-0.46700733048037724,-1.0060966715267528,0.45179281640785124,-0.12805129399304804,-0.7010276452128681,0.69108997518206,0.120651894787238
-0.4669748991772624,-1.0081563534743656,0.45180889388450923,-0.127899394565852,-0.7029557611122101,0.6890600430459181,0.12120498353554
-0.466942734846217,-1.0102163518411584,0.4517849735036644,-0.12758559815005002,-0.703039527255742,0.6890854242378879,0.12090427009562799
-0.46691050377215426,-1.012276271103156,0.4517710525871953,-0.128156406614756,-0.7007191227615579,0.691384079034688,0.120648166782184
-0.46687800572602217,-1.0143358739459742,0.451797129528229,-0.12814213812796402,-0.7029217362894982,0.689006005775368,0.121449964518822
-0.4668458413949768,-1.0163958723127668,0.45177320914738417,-0.128395602460722,-0.7013560518648702,0.690607282480226,0.121135873682684
-0.46681347683487934,-1.0184556333651749,0.4517792871596665,-0.12767852163253401,-0.703808876207872,0.6882150411503919,0.121289283950072
-0.4667813125038339,-1.0205156317319675,0.45175536677882167,-0.12692272182699,-0.7070952042002241,0.684902403560112,0.121712477563884
-0.4667496153739098,-1.0225761838323248,0.4516614501473468,-0.128278283205772,-0.703400016425762,0.68843522638781,0.12177308153658
-0.46671745104286433,-1.0246361821991175,0.451637529766502,-0.12789012973407804,-0.704723315865252,0.687138053683838,0.12185569275991798
-0.4666854869408709,-1.026696417880295,0.4515836109925301,-0.12909582928165403,-0.7031681617040081,0.6883800871414341,0.12255455045201999
-0.4666533226098255,-1.028756416247088,0.45155969061168527,-0.127375382080838,-0.710312596294472,0.6811726728602819,0.123423763574128
-0.46662202593800545,-1.030817442976215,0.4514057771939562,-0.12792814674113,-0.7045856794307042,0.687274733751718,0.12184449341600198
-0.46658999509299465,-1.0328775995525974,0.45136185788435995,-0.12689434423023802,-0.709130921145254,0.682668280010204,0.122450323181118
-0.4665584981921226,-1.0349383889673396,0.45123794285975805,-0.12937803205678802,-0.702782899863036,0.688693914232058,0.122709614930566
-0.4665263338610771,-1.0369983873341324,0.4512140224789132,-0.127456174636766,-0.70686769247381,0.6849516865238379,0.122199492889854
-0.4664945699881357,-1.0390588603296946,0.45113010531181413,-0.12679734794412603,-0.7073121739133221,0.684711397981456,0.12165908033136401
-0.4664628728582116,-1.0411194124300518,0.45103618868033934,-0.12828413918865397,-0.703007099139798,0.6888599048561059,0.12163285873182399
-0.46643070852716617,-1.0431794107968446,0.45101226829949453,-0.12728782484627402,-0.706787529602226,0.685104086435062,0.121987805878836
-0.4663989446542247,-1.045239883792407,0.45092835113239543,-0.12794457603425402,-0.707250513020592,0.684345765000308,0.122868276857514
-0.46636724752430064,-1.0473004358927644,0.45083443450092064,-0.12880291407297997,-0.7022230261615221,0.689517308611774,0.12188944132013399
-0.46633501645023784,-1.0493603551547621,0.4508205135844515,-0.12806748825967001,-0.702741133872076,0.689229849050618,0.12130339302012601
-0.4663027853761751,-1.0514202744167598,0.4508065926679824,-0.13089529961096,-0.6872163998670962,0.7046531913348419,0.118581566986342
-0.4662687522406444,-1.0534780578492942,0.4510626572896574,-0.12405234456903799,-0.689095643480596,0.705080292699902,0.11233233099536999
-0.4696614280830669,-0.8537008224249234,0.4484748286972247,-0.119105556148696,0.7021996604211421,-0.69117645127333,0.122487467868316
-0.4696290635229695,-0.8557605834773313,0.4484809067095071,-0.11830214057812401,0.707600544410592,-0.6855879634752701,0.123588588123902
-0.4695960315326987,-0.8578195534817897,0.4485869793655464,-0.11743872682336201,0.7112479144021961,-0.6818776501673599,0.124001985378584
-0.469562599084324,-0.8598780488574784,0.44875304880784006,-0.117963478932328,0.708048220483234,-0.6852191949599039,0.123391708602746
-0.4695295670940533,-0.861937018861937,0.44885912146387935,-0.11745714255719403,0.713016009607206,-0.6799031146034921,0.124673343288374
-0.46949593441662646,-0.863995276923241,0.44905518929930016,-0.11743292773722801,0.712004506888874,-0.6810390270543399,0.12427267826132599
-0.4694623684822171,-0.8660536140893397,0.4492412576703452,-0.11713652011150201,0.71039301411785,-0.6829352457400141,0.123365071686532
-0.469429069519877,-0.8681122676746184,0.4493873281838873,-0.117270479018798,0.710821791884886,-0.682412111290758,0.12366458833768798
-0.4693957038145196,-0.870170842155102,0.4495433981618053,-0.11747390818664802,0.710796756925194,-0.6823647965278159,0.123872907850944
-0.4693622713661449,-0.8722293375307908,0.4497094676040989,-0.11811497183343402,0.7102213557602599,-0.6827670226449221,0.12434799892568202
-0.46932897240380483,-0.8742879911160694,0.4498555381176411,-0.11805429456155402,0.711533609689324,-0.681333512377926,0.12476694865954198
-0.4692954732124127,-0.8763464073869632,0.45003160702431044,-0.11791064773281001,0.708582145582596,-0.684650685109258,0.12353093343199
-0.46926237447912467,-0.8784052982866267,0.45014767914472553,-0.11809535269793602,0.707429013015706,-0.685850655808762,0.123306846763828
-0.4692294092318713,-0.8804643473958801,0.4502437523363892,-0.11820476572013802,0.708030382088334,-0.685150569135848,0.123642758007982
-0.46919631049858324,-0.8825232382955436,0.4503598244568043,-0.118711909371876,0.7070471915390001,-0.686046054729486,0.12382097259819198
-0.4691633452513298,-0.8845822874047969,0.45045589764846794,-0.118581249155778,0.7056826805510921,-0.687585531114894,0.123189149150408
-0.4691305802331284,-0.8866415738284351,0.4505219724470045,-0.118976596480296,0.7034184683866399,-0.689904429367318,0.12278839724990999
-0.4690980821869963,-0.888701176671253,0.45054804938803816,-0.118566050473804,0.706150120593568,-0.6870805522967359,0.123341987399366
-0.46906525042577757,-0.8907603839900964,0.45062412365095045,-0.11877133200723601,0.704655155831212,-0.6886365311880741,0.123018461401456
-0.4690325521505935,-0.8928197495185295,0.4506801989851113,-0.11826754035397201,0.706387409912554,-0.68692866801044,0.12311311766893401
-0.4689996536463574,-0.8948788777325778,0.4507662727123993,-0.119737735984246,0.70236824505712,-0.690768533347658,0.12320655920089799
-0.46896728908625995,-0.8969386387849856,0.4507723507246815,-0.119035313012504,0.704044224292628,-0.689204883427466,0.12307442013617999
-0.4689346575540932,-0.8989980834182139,0.45081842659446664,-0.11990755151316002,0.7014970997225999,-0.6916476783794959,0.123070892778368
-0.4689023597370131,-0.9010579235754166,0.45081450514237326,-0.120035269970526,0.703961069132054,-0.68893406277837,0.124094662568232
-0.46886972820484635,-0.9031173682086447,0.45086058101215837,-0.11949998619423602,0.703187111713752,-0.6899677043552019,0.123253436856104
-0.4688372301587143,-0.9051769710514627,0.45088665795319205,-0.11926706643276,0.7042165822299141,-0.688934393833704,0.123380681684604
-0.46880459862654755,-0.9072364156846908,0.45093273382297716,-0.11946755521276399,0.7019521090932801,-0.6913149603118919,0.122775927340194
-0.4687722340664501,-0.9092961767370987,0.4509388118352595,-0.12044726930789601,0.6995436479479721,-0.6935534482771419,0.122932927157612
-0.46874020322143933,-0.9113563333134813,0.4508948925256632,-0.11944718878429401,0.704303048554452,-0.688775058908938,0.12360038999566199
-0.46870750494625524,-0.9134156988419144,0.45095096785982414,-0.119824091884104,0.702632598501452,-0.6904506297122299,0.12339325388838798
-0.4686750736431405,-0.9154753807895273,0.4509670453364821,-0.12111820620827202,0.6972480938857141,-0.695767785324988,0.12280690204063999
-0.4686432430271817,-0.9175357746802947,0.4508931276337587,-0.11967353417936402,0.7051352438686701,-0.687787065443408,0.12414066485454
-0.4686104780089803,-0.919595061103933,0.4509592024322952,-0.119654641899686,0.7019740286118121,-0.69122410632406,0.12297909609925599
-0.4685781134488829,-0.9216548221563409,0.45096528044457757,-0.119430715291962,0.70455429362928,-0.6885082662495741,0.123674995790046
-0.46854548191671613,-0.9237142667895689,0.4510113563143627,-0.119347827519758,0.7020287807479301,-0.691274736112158,0.122678867005568
-0.46851311735661877,-0.9257740278419768,0.451017434326645,-0.11927286030162,0.702863838089262,-0.6903986889450661,0.12289948538109
-0.4684806193104866,-0.9278336306847949,0.4510435112676787,-0.119163314656374,0.70217675362491,-0.691180160136496,0.122538726711968
-0.4684482547503892,-0.9298933917372028,0.45104958927996097,-0.11952032975669602,0.703326199628038,-0.689809416731192,0.12332431458543999
-0.4684157567042571,-0.9319529945800207,0.45107566622099465,-0.11961973858400404,0.704494084333654,-0.688505148149778,0.12385119232347401
-0.468383058429073,-0.9340123601084538,0.4511317415551555,-0.11946156601351403,0.7032346665008901,-0.689929104721408,0.123230798559518
-0.46835056038294093,-0.9360719629512717,0.45115781849618924,-0.11950546436449401,0.700851481415848,-0.6924862462429461,0.12242259148070798
-0.46831832930887823,-0.9381318822132695,0.45114389757972007,-0.11981842771812201,0.702096926644574,-0.691031921654404,0.12319373105372
-0.46828596474878076,-0.9401916432656774,0.45114997559200243,-0.11997222638554803,0.70249708347195,-0.690543706178152,0.123498982487764
-0.468253533445666,-0.9422513252132904,0.4511660530686604,-0.11937448880057602,0.7037993853692041,-0.6893490339703698,0.12334185788087
-0.46822096865651663,-0.9443108489513133,0.4512021294740698,-0.11945132318613604,0.7034192455292361,-0.689732942404224,0.123285350463426
-0.4681884038673672,-0.9463703726893363,0.4512382058794792,-0.11960050215384,0.702298112098208,-0.69089303110057,0.12303865011081398
-0.46815603930726973,-0.9484301337417442,0.4512442838917615,-0.11918813861730802,0.7046135398476341,-0.6885305328959679,0.123440606199164
-0.46812334103208564,-0.9504894992701775,0.4513003592259224,-0.119686383221468,0.702382748321276,-0.690770555312518,0.12315883652460201
-0.46809090972897094,-0.9525491812177904,0.45131643670258037,-0.11953262663596402,0.7019952267571721,-0.691244507037322,0.122859143257076
-0.46805854516887346,-0.9546089422701982,0.4513225147148627,-0.118994464658898,0.7031426614482201,-0.6901961855790859,0.122709718485926
-0.4680260471227414,-0.9566685451130162,0.45134859165589636,-0.119430767539806,0.702079702825776,-0.691189346553452,0.1227837787824
-0.467993682562644,-0.9587283061654241,0.45135466966817867,-0.11976536508472803,0.7028387261399501,-0.690249350341094,0.1234056658896
-0.4679612512595292,-0.960787988113037,0.4513707471448366,-0.11964846646304203,0.7026296930009499,-0.6905179660599,0.12320822418256
-0.4679288199564145,-0.96284767006065,0.45138682462149465,-0.11951642986981802,0.7023609129462219,-0.69085573762746,0.122973896122092
-0.4678963886532997,-0.9649073520082629,0.45140290209815265,-0.119309898580736,0.7042174806109499,-0.6889180906476599,0.12342553478478199
-0.46786375712113293,-0.966966796641491,0.45144897796793776,-0.119882503791858,0.701467495063656,-0.6916875663026619,0.123035282056182
-0.4678314593040529,-0.9690266367986938,0.4514450565158444,-0.11937633522885001,0.70284957018738,-0.690376823265014,0.123002583532318
-0.46779896125792075,-0.9710862396415119,0.45147113345687806,-0.119642527613602,0.7028206039489721,-0.6903125482628599,0.123269755943184
-0.46776652995480605,-0.9731459215891247,0.45148721093353605,-0.11931121779057201,0.7033498109136459,-0.6898595629675859,0.123113227104226
-0.46773403190867396,-0.9752055244319426,0.45151328787456974,-0.119566165605628,0.7022670659040261,-0.690938597448884,0.12299253249339401
-0.46770160060555915,-0.9772652063795556,0.4515293653512278,-0.119490146246628,0.7021305276635841,-0.6911138746863339,0.12286416520976598
-0.4676692360454618,-0.9793249674319635,0.4515354433635101,-0.119350489896936,0.7025117800076781,-0.6907512189515019,0.12285477517532199
-0.46763680474234703,-0.9813846493795765,0.4515515208401681,-0.11937600931035601,0.7032756925053161,-0.6899153511215139,0.123156322146198
-0.46760430669621494,-0.9834442522223944,0.4515775977812018,-0.119075133457582,0.704255006362272,-0.6889610525997599,0.12319335969057799
-0.4675716751640482,-0.9855036968556224,0.45162367365098693,-0.118944663037418,0.703491335375564,-0.6898373042182919,0.12278177479836
-0.46753911037489876,-0.9875632205936455,0.4516597500563963,-0.11955903994049001,0.7002978094196901,-0.6930619931557939,0.122281334337726
-0.4675069460438533,-0.9896232189604383,0.45163582967555144,-0.11889132570262001,0.704680978844148,-0.6885654903440339,0.12315292266763199
-0.46747431451168653,-0.9916826635936663,0.45168190554533666,-0.11935411457453401,0.7022534554544121,-0.691029393074624,0.122766196174424
-0.46744188320857183,-0.9937423455412793,0.4516979830219946,-0.11870400311396201,0.703455827043124,-0.6899615593914461,0.12251768311532599
-0.46740938516243974,-0.9958019483840973,0.4517240599630284,-0.11860385714243801,0.703936239116004,-0.68947703846413,0.122584247738012
-0.46737682037329037,-0.9978614721221203,0.45176013636843776,-0.1186844564587,0.7050141715415121,-0.6882768689037,0.12305682857482399
-0.4673441220981063,-0.9999208376505535,0.4518162117025986,-0.119428056175054,0.69958039853423,-0.6938769810570559,0.12189127821444799
-0.46731202451007814,-1.001980915122141,0.451782291857378,-0.119431959713566,0.7014261227490762,-0.691894760290904,0.12255114429993799
-0.46727972669299805,-1.004040755279344,0.4517783704052846,-0.11961426567816802,0.7023746978288461,-0.6908053309450499,0.12308107478571999
-0.4672472953898833,-1.0061004372269569,0.4517944478819426,-0.119589054805688,0.7025697452531879,-0.690604132962104,0.12312366793947599
-0.46721486408676854,-1.0081601191745697,0.4518105253586006,-0.11973543320646801,0.700616645717632,-0.6926565580991639,0.12257710743920999
-0.4671826997557231,-1.0102201175413625,0.4517866049777558,-0.11938646675022402,0.7006494400392821,-0.6927448918622321,0.122227224958544
-0.4671504686816604,-1.0122800368033602,0.4517726840612867,-0.11940571511530401,0.7028946407899539,-0.690318398976906,0.1230493494833
-0.46711797063552823,-1.0143396396461783,0.45179876100232036,-0.119502105254358,0.7006527835159521,-0.6927009389658579,0.12234775985068601
-0.4670858063044828,-1.016399638012971,0.45177484062147555,-0.11905361541992603,0.7022661105525921,-0.691122838334006,0.12245703468313598
-0.4670534417443854,-1.018459399065379,0.45178091863375786,-0.11974477715557001,0.69978826221902,-0.6935424852262799,0.122291964485632
-0.46702127741334,-1.0205193974321716,0.45175699825291304,-0.12050233861756,0.696416082910902,-0.696869834364616,0.12187979604592598
-0.46698958028341586,-1.022579949532529,0.4516630816214382,-0.11999813464962601,0.700054103840502,-0.6931671823908939,0.122649657720802
-0.46695741595237045,-1.0246399478993218,0.4516391612405934,-0.11988722720870602,0.6988010988883581,-0.694547875640452,0.12208951474087401
-0.46692545185037704,-1.026700183580499,0.45158524246662146,-0.120121812992512,0.700126276658454,-0.6930447967259,0.122804239158452
-0.46689328751933157,-1.0287601819472918,0.45156132208577665,-0.12104076993469001,0.6929745390182261,-0.7003132141728079,0.121223248294646
-0.4668619908475115,-1.0308212086764188,0.45140740866804757,-0.119768414628146,0.698957815442526,-0.694422051862594,0.122022248183402
-0.46682996000250077,-1.0328813652528015,0.45136348935845133,-0.12110083161885601,0.69421834367455,-0.698984293355932,0.121719675765354
-0.4667984631016286,-1.0349421546675437,0.4512395743338494,-0.12104948054395599,0.7002948037520541,-0.692532028646862,0.12382607988556399
-0.46676629877058323,-1.0370021530343363,0.4512156539530046,-0.119976964242202,0.696682587331358,-0.696772254214506,0.121435025850094
-0.4667345348976418,-1.0390626260298987,0.4511317367859055,-0.119998219692602,0.6963218002564601,-0.697147525299266,0.121330770754026
-0.46670283776771765,-1.0411231781302561,0.4510378201544307,-0.11958602111140601,0.70052680317685,-0.69280670067076,0.12239036849409399
-0.46667067343667223,-1.043183176497049,0.45101389977358586,-0.120079239814828,0.6967659010894282,-0.69664695767681,0.12156992667847599
-0.46663890956373083,-1.0452436494926112,0.4509299826064868,-0.12035680051817602,0.696146506477168,-0.697206895279008,0.12163638119693598
-0.4666072124338067,-1.0473042015929683,0.450836065975012,-0.12016429505233002,0.7011226801861741,-0.6919585692585479,0.123203592422668
-0.46657498135974396,-1.0493641208549662,0.4508221450585429,-0.11874201975492002,0.7009848648823201,-0.6926135452560381,0.121677662247964
-0.46654275028568115,-1.051424040116964,0.45080822414207383,-0.11622991774531401,0.7162029449703441,-0.676783613409972,0.12452634768443198
-0.46650871715015046,-1.053481823549498,0.45106428876374877,-0.11764080230336198,0.716101380690942,-0.6763688896451779,0.126025832163852
-0.4462745809720507,-0.8533335071400208,0.4483558258089044,-0.12944658974928802,-0.701747884727738,0.689791684033402,0.12239225745494
-0.44624228315497055,-0.8553933472972235,0.44835190435681094,-0.12960269304480204,-0.6954360403444859,0.696504775996246,0.120219152355434
-0.4462091844216825,-0.857452238196887,0.448467976477226,-0.13011586545129,-0.693616649204954,0.6982436567033319,0.12008689526262198
-0.4461759522023598,-0.8595109708869605,0.44860404752639255,-0.13009424731353,-0.693757658675864,0.6981020140018199,0.12011567502609999
-0.44614265324001967,-0.8615696244722392,0.44875011803993475,-0.13076577697181804,-0.690291790084148,0.701500643423822,0.119550066419864
-0.44610902056259294,-0.8636278825335432,0.4489461858753555,-0.12920224384794204,-0.69447278581925,0.6976696913375741,0.119455012101696
-0.44607585508628755,-0.8656866943284117,0.44907225746014634,-0.13122433167058,-0.690954754054786,0.7006417426872219,0.12025850084972
-0.44604228915187816,-0.8677450314945105,0.4492583258311913,-0.13023823266227003,-0.6909577225028182,0.700994653221564,0.11925154591263001
-0.4460086564744514,-0.8698032895558144,0.44945439366661205,-0.130032652942592,-0.6921121457961481,0.699857780167266,0.119456686954742
-0.44597522402607664,-0.8718617849315031,0.4496204631089057,-0.130404664257744,-0.6915598847481701,0.700303544576618,0.11963895735261999
-0.4459417248346846,-0.8739202012023969,0.44979653201557507,-0.130552408532844,-0.6925453930891962,0.69921466919217,0.12014675460926201
-0.44590829238630986,-0.8759786965780857,0.4499626014578687,-0.129330356555036,-0.695332336477496,0.696713154766172,0.11990049843205199
-0.4458751936530218,-0.8780375874777492,0.45007867357828374,-0.129605238210698,-0.6964397076356001,0.695435506678758,0.120589475910824
-0.4458422951487857,-0.8800967156917975,0.4501647473055717,-0.13090312009085,-0.693101493005942,0.6984992490433359,0.12071156395306999
-0.4458089294434283,-0.8821552901722812,0.45032081728348966,-0.1296062182406,-0.698495339785098,0.6932393925020801,0.12134751553073601
-0.4457762311682442,-0.8842146557007142,0.45037689261765046,-0.12985070170057,-0.6970346437048041,0.694711292873926,0.12106334988839
-0.4457433994070255,-0.8862738630195576,0.4504529668805627,-0.128382157060172,-0.700940898354494,0.691060377728256,0.1209680376516
-0.4457109681039107,-0.8883335449671705,0.4504690443572207,-0.130032902531058,-0.6963477831949861,0.695376299343946,0.12100112761683399
-0.4456780028566573,-0.8903925940764238,0.45056511754888434,-0.129825563606694,-0.69850007983988,0.6931518428808379,0.12157950703576999
-0.4456453045814732,-0.892451959604857,0.4506211928830452,-0.12944383668002601,-0.696512794164146,0.6954165381369699,0.120448930436748
-0.44561233933421984,-0.8945110087141104,0.45071726607470886,-0.12852417683247,-0.7025760527098381,0.689239048424864,0.12172632276622401
-0.4455801082601571,-0.8965709279761082,0.4507033451582397,-0.12918479387536197,-0.6994171178024601,0.69240441256097,0.121248313954158
-0.44554754347100767,-0.8986304517141311,0.45073942156364916,-0.12955614279004202,-0.699960967628574,0.6916813427807219,0.12183911399175398
-0.44551497868185824,-0.9006899754521542,0.4507754979690586,-0.129065750559238,-0.700702057493794,0.6910645526870379,0.121598975285928
-0.44548254737874343,-0.9027496573997672,0.45079157544571663,-0.12933978038049798,-0.69977550704122,0.691962396897922,0.121544209043466
-0.445449982589594,-0.9048091811377902,0.450827651851126,-0.12921918828527398,-0.7001430260625581,0.6916113293228779,0.121552724066356
-0.445417484543462,-0.9068687839806082,0.4508537287921597,-0.129314779650792,-0.6999746523995599,0.69175603050323,0.12159114395911198
-0.44538491975431255,-0.9089283077186312,0.4508898051975691,-0.128902233293012,-0.70210715639819,0.689605808307442,0.12195015085361398
-0.44535262193723246,-0.910988147875834,0.4508858837454757,-0.12944779398520204,-0.6981705904623581,0.693645841260138,0.12106250758011
-0.44531992366204837,-0.9130475134042672,0.4509419590796365,-0.12800073281402,-0.701692773684286,0.6903905565466099,0.12084396495155199
-0.44528755910195095,-0.9151072744566751,0.45094803709191883,-0.12813319276711402,-0.7047852195922721,0.6869794595447,0.12213817632309
-0.4452555949999575,-0.9171675101378526,0.4508941183179469,-0.128785407029014,-0.6994541492025622,0.69251347555087,0.120841716326076
-0.4452229634677907,-0.9192269547710807,0.450940194187732,-0.12916459544524,-0.6995567028036901,0.692262781766502,0.121278491990318
-0.44519039867864135,-0.9212864785091037,0.4509762705931414,-0.12878966224656999,-0.7009878272298381,0.6908588603064238,0.12141552439029199
-0.4451579673755266,-0.9233461604567167,0.4509923480697994,-0.128917999754774,-0.7008163323442,0.690996531204788,0.12148623236622198
-0.44512553607241184,-0.9254058424043297,0.4510084255464574,-0.129007945199552,-0.7013217309827922,0.690417052202748,0.121769531155194
-0.44509310476929703,-0.9274655243519426,0.4510245030231154,-0.129349793707008,-0.70044982288833,0.691231856207014,0.12180454872096999
-0.44506067346618233,-0.9295252062995554,0.4510405804997734,-0.12889576477952802,-0.700546940956978,0.691295942827426,0.12136269562330601
-0.44502817542005024,-0.9315848091423734,0.45106665744080715,-0.129344319590204,-0.6989805694043281,0.6928153463725701,0.12125387510148199
-0.44499554388788354,-0.9336442537756016,0.45111273331059226,-0.128817031687358,-0.701304795220364,0.690506816709784,0.121561309097414
-0.4449631125847687,-0.9357039357232145,0.45112881078725026,-0.12868225307648004,-0.70213044252934,0.689663471440334,0.121726154680542
-0.4449308815107059,-0.9377638549852122,0.45111488987078113,-0.12935482538733403,-0.7004644773661781,0.691214087636116,0.121815235416334
-0.4448983834645739,-0.9398234578280302,0.45114096681181487,-0.12929120210945003,-0.699291362487364,0.6925000536571341,0.121313149242602
-0.4448657519324071,-0.9418829024612583,0.4511870426816,-0.12894720203300403,-0.7012558317915522,0.690511476261138,0.12168102336951599
-0.4448333873723097,-0.9439426635136662,0.4511931206938823,-0.12940891238853,-0.700452705334338,0.691205721783788,0.121868546015962
-0.4448008893261776,-0.9460022663564841,0.45121919763491597,-0.128978542234068,-0.701040506669242,0.6907313806787181,0.121633223802274
-0.4447685247660802,-0.948062027408892,0.4512252756471983,-0.12957321176063402,-0.698417229405416,0.6933346280124659,0.12128490953067399
-0.44473575974787877,-0.9501213138325302,0.4512913504457348,-0.12879128630446202,-0.701710525585894,0.690076387181958,0.12168619694348001
-0.4447034619307987,-0.952181153989733,0.45128742899364144,-0.12899337065205,-0.7025368887408261,0.6891060226399299,0.122208829603142
-0.44467123085673593,-0.9542410732517309,0.45127350807717226,-0.129574958478168,-0.698516655225468,0.6932265087769219,0.121323840945764
-0.4446385325815519,-0.956300438780164,0.4513295834113331,-0.12861112879063402,-0.702154980010068,0.689663265075582,0.121661740456948
-0.44460623476447175,-0.9583602789373669,0.45132566195923973,-0.12910315970339203,-0.7005980228712242,0.691162833579654,0.121600066115418
-0.44457373671833966,-0.9604198817801848,0.4513517389002734,-0.129191660317018,-0.7008758366094181,0.690830187405734,0.12179749046840799
-0.4445413054152249,-0.9624795637277976,0.4513678163769314,-0.12934780557805,-0.700056249728606,0.6916558287955681,0.12165660961473601
-0.4445088073690928,-0.9645391665706157,0.4513938933179651,-0.129048772037268,-0.700076842345268,0.69174527184907,0.121348951417224
-0.4444763093229607,-0.9665987694134337,0.4514199702589988,-0.128851765684892,-0.7019129877835261,0.689834714616078,0.12182595211813002
-0.44444401150588064,-0.9686586095706364,0.4514160488069054,-0.129033983433018,-0.7016646051244539,0.6900358565799599,0.12192542805312
-0.4444116469457832,-0.9707183706230444,0.4514221268191877,-0.12924090032668803,-0.70046985340785,0.6912507365251479,0.121697205760876
-0.44437914889965113,-0.9727779734658624,0.45144820376022143,-0.12907496928775,-0.7002495568284001,0.691549723512514,0.12144060923477198
-0.44434665085351904,-0.9748375763086804,0.4514742807012551,-0.12911694243479402,-0.7011126188720139,0.6906030380093978,0.12180683911923
-0.4443142862934216,-0.9768973373610883,0.45148035871353737,-0.128992861788956,-0.7015025725746441,0.6902277834159161,0.121820502123362
-0.4442819217333242,-0.9789570984134961,0.45148643672581973,-0.129329052103994,-0.7006391207989482,0.691035463483092,0.12185420635685598
-0.4442494236871921,-0.981016701256314,0.4515125136668534,-0.12888913004407798,-0.7004762642732622,0.691373471676212,0.12133038389201801
-0.44421699238407736,-0.983076383203927,0.4515285911435114,-0.12855720242443,-0.701336182263236,0.6905693515918059,0.12129944881732398
-0.4441845610809626,-0.98513606515154,0.45154466862016945,-0.128724888055258,-0.70011939436774,0.691819707964112,0.121023943012942
-0.4441520630348305,-0.9871956679943579,0.45157074556120314,-0.12876281976852402,-0.702156905887604,0.689603264825664,0.12182272504462799
-0.44411976521775043,-0.9892555081515607,0.4515668241091097,-0.129729886371096,-0.6990767502035319,0.692568230432176,0.121694100801888
-0.44408713368558367,-0.9913149527847889,0.4516128999788948,-0.129140714405784,-0.70251364173731,0.689074469724708,0.122356923315858
-0.4440549026115209,-0.9933748720467865,0.4515989790624257,-0.12895516797705203,-0.7012977692608141,0.6904631272228621,0.121704627533364
-0.4440225380514235,-0.9954346330991944,0.451605057074708,-0.12960746302957202,-0.6993161367380442,0.6923572894101421,0.121653562693524
-0.44398990651925674,-0.9974940777324225,0.45165113294449316,-0.12936821742234797,-0.699106381812114,0.6926702992577419,0.12132468759302599
-0.44395727498709,-0.9995535223656506,0.4516972088142783,-0.128491857674852,-0.703373992889172,0.68838323851422,0.12199073229556799
-0.4439251773990619,-1.0016135998372384,0.4516632889690577,-0.128856920817904,-0.7013057727613701,0.690489874670102,0.12160490799507599
-0.44389274609594714,-1.0036732817848513,0.4516793664457157,-0.12906012710749404,-0.7018212037468581,0.6898566765539559,0.122011310594348
-0.44386044827886706,-1.005733121942054,0.45167544499362233,-0.12937098604548802,-0.699521673053408,0.6922242632555201,0.1214805589223
-0.44382788348971763,-1.0077926456800772,0.4517115213990317,-0.128050659224266,-0.704811285535076,0.6869820529088719,0.12205970316209
-0.4437958526447069,-1.0098528022564597,0.4516676020894355,-0.12877140377151203,-0.7019481325768562,0.689826647472902,0.121753898595412
-0.44376355482762675,-1.0119126424136626,0.4516636806373421,-0.12963691560078802,-0.699614868834322,0.69202375320962,0.121795661198806
-0.4437309900384773,-1.0139721661516856,0.45169975704275145,-0.12818423691946204,-0.704272110942088,0.687520200171544,0.121999566063142
-0.44369895919346664,-1.016032322728068,0.45165583773315526,-0.128941015470252,-0.7015444181891021,0.6902013148390679,0.12178226196993999
-0.44366659463336916,-1.018092083780476,0.4516619157454375,-0.12870576788364202,-0.703453012872996,0.6882174351124039,0.122247366862366
-0.4436344970453411,-1.0201521612520636,0.451627995900217,-0.12801061873808803,-0.7052038315366781,0.686567961533158,0.122164794898472
-0.44360253294334767,-1.0222123969332413,0.45157407712624503,-0.127489704759364,-0.705999796581156,0.685892790800286,0.12190763184888999
-0.4435707023273889,-1.0242727908240086,0.4515001594235217,-0.12769199096453002,-0.70445367550969,0.687507328897922,0.12154445738610598
-0.4435386714823782,-1.0263329474003913,0.45145624011392543,-0.12739687778188602,-0.709026946430306,0.6825923056549079,0.122954046796928
-0.443507174581506,-1.0283937368151335,0.45133232508932347,-0.128127474186534,-0.7061002895546861,0.685541240355006,0.122629155358674
-0.4434754107085646,-1.030454209810696,0.4512484079222244,-0.12758892980663603,-0.7056283486769721,0.686262247102584,0.12187374231334
-0.4434435133495885,-1.0325145245966683,0.45118448968387675,-0.126718005523332,-0.7105603405735901,0.681149288186832,0.12280333242825399
-0.44341221667776837,-1.0345755513257953,0.45103057626614773,-0.12967461135175598,-0.703973033222538,0.687283610430422,0.123475592736606
-0.4433801190897403,-1.0366356287973828,0.4509966564209272,-0.12794048885832002,-0.7103948825769539,0.68086434135831,0.124067841874078
-0.4433488224179202,-1.0386966555265098,0.45084274300319815,-0.13047720900325602,-0.7026545374471259,0.6884162987650758,0.123828812117008
-0.44331665808687476,-1.0407566538933026,0.4508188226223533,-0.12869185999233002,-0.703336205092814,0.6883489922252639,0.12218928766982799
-0.4432844937558293,-1.0428166522600955,0.4507949022415085,-0.127263640584714,-0.7096766576084361,0.681921936683458,0.123058915589664
-0.4432531303409919,-1.0448775998844275,0.4506509882881552,-0.12931513869067401,-0.7027149163606339,0.6887904694405199,0.12261757296136801
-0.4432208992669291,-1.0469375191464254,0.450637067371686,-0.128195959722564,-0.7037096783595561,0.68812840787261,0.12180214118820999
-0.443188801678901,-1.048997596618013,0.45060314752646546,-0.127776635557542,-0.706853849100722,0.68484526889053,0.12253818617029999
-0.4431570378059596,-1.0510580696135754,0.4505192303593664,-0.13145118834675198,-0.6897853789928461,0.70178225192737,0.12006727069186399
-0.44312333838551554,-1.0531162485700842,0.45072529765916286,-0.130586161478308,-0.69000987859952,0.701859456186012,0.11926697074856399
-0.4465145458815567,-0.8533372728402249,0.4483574572829958,-0.11784702973097001,0.7018954894864039,-0.6919502442285159,0.1210701771465
-0.44648224806447667,-0.8553971129974276,0.44835353583090237,-0.117398451678136,0.708209162598452,-0.685247143179346,0.12285122097562
-0.4464491493311886,-0.857456003897091,0.44846960795131746,-0.117201687187162,0.709931466435446,-0.6834217461701839,0.12326690501159598
-0.44641591711186585,-0.8595147365871646,0.448605679000484,-0.117124950835696,0.709805472796482,-0.6835891570677939,0.123139184075092
-0.4463826181495258,-0.8615733901724433,0.4487517495140262,-0.116614168296324,0.7131440541825341,-0.6800709553826619,0.12381112438556
-0.44634898547209906,-0.8636316482337473,0.4489478173494469,-0.11743051023496201,0.709260097583614,-0.684079776092946,0.1232664178378
-0.4463158199957936,-0.8656904600286157,0.44907388893423766,-0.117200287822828,0.712312256006818,-0.6807817868044179,0.124137396000206
-0.4462822540613843,-0.8677487971947146,0.44925995730528273,-0.116537768597318,0.712623624027542,-0.6806790498456,0.123537961993272
-0.4462486213839575,-0.8698070552560185,0.44945602514070343,-0.11692239754224404,0.711483465096258,-0.6818058918667899,0.12353401427426401
-0.44621518893558276,-0.8718655506317072,0.44962209458299707,-0.11747687468071802,0.711886087664732,-0.681153941812474,0.12427601181483801
-0.4461816897441907,-0.873923966902601,0.44979816348966645,-0.11737631495677998,0.7108763215722022,-0.6823118049015381,0.12379894919042399
-0.4461482572958159,-0.8759824622782898,0.44996423293196003,-0.11765296722525802,0.708340903930074,-0.685010947253776,0.12316888938895401
-0.44611515856252787,-0.8780413531779533,0.4500803050523751,-0.11792038470989402,0.7071355004313981,-0.686236075251262,0.12301655561955199
-0.4460822600582918,-0.8801004813920016,0.4501663787796631,-0.11701840744745999,0.7102794644354841,-0.683103988203538,0.12319803954252799
-0.4460488943529344,-0.8821590558724853,0.45032244875758104,-0.11809203078202601,0.7050584719405881,-0.688441674187476,0.12244960167984399
-0.44601619607775034,-0.8842184214009183,0.45037852409174184,-0.11819416072590401,0.70645025005285,-0.6868871316958619,0.123057455631126
-0.4459833643165316,-0.8862776287197617,0.45045459835465407,-0.11842604650177202,0.702792551125214,-0.69077899604843,0.12199001037737
-0.4459509330134168,-0.8883373106673746,0.45047067583131206,-0.11738012487706602,0.7072095126513381,-0.686349664344036,0.122471552679862
-0.44591796776616344,-0.8903963597766279,0.4505667490229757,-0.11813685710416999,0.705001812103374,-0.6884867172812958,0.12247578130362599
-0.44588526949097934,-0.8924557253050611,0.4506228243571366,-0.117727586652346,0.707123372000146,-0.68631836971327,0.12280770803509199
-0.44585230424372596,-0.8945147744143145,0.45071889754880023,-0.118842839888668,0.7010541347847561,-0.6925039329704719,0.121807026343508
-0.44582007316966316,-0.8965746936763123,0.4507049766323311,-0.11849091554176201,0.7041575461339801,-0.689277075568304,0.12254471168108799
-0.44578750838051373,-0.8986342174143352,0.45074105303774054,-0.11878334384624802,0.7034948054538159,-0.689891131528436,0.122614943682162
-0.44575494359136436,-0.9006937411523583,0.45077712944315,-0.118638253563318,0.7028700425839159,-0.6906190195588979,0.12223848688181399
-0.44572251228824955,-0.9027534230999712,0.45079320691980795,-0.11840286718090601,0.703784385154382,-0.6897140728785499,0.12231926502097
-0.4456899474991001,-0.9048129468379943,0.4508292833252174,-0.118556833335518,0.7034144348923601,-0.690059639745494,0.122348237232526
-0.4456574494529681,-0.9068725496808123,0.45085536026625106,-0.118616441122636,0.7035544065024821,-0.68988646506805,0.12246046602840199
-0.44562488466381867,-0.9089320734188353,0.4508914366716605,-0.11840361696654998,0.7015365148691841,-0.6921405602201739,0.12152103497684998
-0.4455925868467385,-0.910991913576038,0.4508875152195671,-0.118073687383736,0.7054170957154821,-0.688057215099904,0.122559462176536
-0.44555988857155443,-0.9130512791044713,0.4509435905537279,-0.11820242140746001,0.702146357719006,-0.6915552088444841,0.12152816206309998
-0.44552752401145707,-0.9151110401568792,0.45094966856601026,-0.11894383571268201,0.69888592975938,-0.694790281948518,0.12114720274026401
-0.4454955599094636,-0.9171712758380567,0.4508957497920383,-0.11820201621373001,0.7042446685166421,-0.689286385020456,0.12227306304658798
-0.44546292837729684,-0.9192307204712848,0.4509418256618234,-0.118327155134886,0.7040486927511721,-0.689454990928874,0.122334215979824
-0.4454303635881474,-0.9212902442093078,0.45097790206723276,-0.11784920739620801,0.702768121011636,-0.691009460327428,0.12138032192362398
-0.44539793228503266,-0.9233499261569208,0.4509939795438908,-0.11836332498165401,0.70282946645252,-0.6907610206518321,0.121937980160918
-0.4453655009819179,-0.9254096081045338,0.4510100570205488,-0.11868095901922798,0.70225387078707,-0.691269598769368,0.12206458424548798
-0.44533306967880315,-0.9274692900521465,0.4510261344972068,-0.11872725235089003,0.70305508955993,-0.690387415036984,0.122398895778672
-0.44530063837568845,-0.9295289719997595,0.45104221197386485,-0.11820845602449201,0.7031285121896601,-0.6904931921842881,0.12188198095065
-0.4452681403295563,-0.9315885748425775,0.45106828891489853,-0.11800671582846402,0.704639697998534,-0.688927885967978,0.12221033779405001
-0.44523550879738955,-0.9336480194758057,0.45111436478468364,-0.11853409573899601,0.7023304146391641,-0.6912392998001939,0.12193807682139599
-0.4452030774942748,-0.9357077014234186,0.45113044226134164,-0.118385816259706,0.7015546888504561,-0.6921276760757761,0.121509041696458
-0.44517084642021204,-0.9377676206854163,0.4511165213448725,-0.118702940294016,0.70304374381878,-0.6904087574625419,0.122368094868646
-0.44513834837408,-0.9398272235282343,0.4511425982859062,-0.11816078838630403,0.7043146750570101,-0.68922495496694,0.122254524313122
-0.44510571684191325,-0.9418866681614624,0.4511886741556913,-0.11850205391028001,0.7023618618975901,-0.69121710935915,0.12191621426313001
-0.4450733522818158,-0.9439464292138703,0.45119475216797367,-0.11864728236373402,0.7030540197172601,-0.6904178970112581,0.122313376856114
-0.4450408542356837,-0.9460060320566882,0.45122082910900735,-0.118568228633866,0.702559431416042,-0.6909797553435779,0.12205552363867798
-0.4450084896755863,-0.9480657931090961,0.45122690712128966,-0.11803872156525999,0.7051508853842661,-0.688360247169024,0.12242605388822199
-0.4449757246573849,-0.9501250795327343,0.45129298191982614,-0.118648677369738,0.7019083190581722,-0.691653262239278,0.12190769624109399
-0.44494342684030475,-0.9521849196899371,0.45128906046773276,-0.11897902044243401,0.700988068059698,-0.6925263655947519,0.121925773012724
-0.44491119576624205,-0.9542448389519349,0.4512751395512637,-0.11814764742343001,0.705034157742836,-0.688448223654208,0.12249877184553801
-0.44487849749105796,-0.9563042044803681,0.4513312148854245,-0.118587707422306,0.701507180703904,-0.692107464343498,0.12170199845767998
-0.44484619967397787,-0.9583640446375709,0.45132729343333106,-0.118415158535876,0.7030038049069461,-0.6905543010672339,0.12205355818299599
-0.4448137016278458,-0.9604236474803888,0.4513533703743648,-0.118568542280858,0.7026843873622179,-0.6908442441439939,0.12209982464898599
-0.44478127032473097,-0.9624833294280017,0.45136944785102273,-0.11863406356597402,0.703463934883486,-0.6899785069229639,0.122447558297762
-0.44474877227859894,-0.9645429322708198,0.4513955247920565,-0.11815748521695602,0.7035775611475921,-0.690025190025126,0.121988636488154
-0.44471627423246685,-0.9666025351136377,0.4514216017330902,-0.118733767969204,0.701680549538482,-0.6918681558565479,0.12191571042275001
-0.44468390967236937,-0.9686622961660456,0.45142767974537246,-0.11871718728693,0.70189951049413,-0.6916384422828039,0.12197642873886
-0.44465161185528934,-0.9707221363232484,0.4514237582932791,-0.118440397220772,0.7031029058949321,-0.69043810040519,0.12211550470557399
-0.44461911380915725,-0.9727817391660665,0.4514498352343128,-0.118496692765994,0.703343949688122,-0.690156507636944,0.12226022856904199
-0.44458661576302516,-0.9748413420088845,0.4514759121753465,-0.11852517216891202,0.7024693751486921,-0.6910923471899479,0.121978822613628
-0.44455425120292774,-0.9769011030612923,0.4514819901876288,-0.11870691349163001,0.7020714590225221,-0.691456538160706,0.12202683662625001
-0.44452188664283027,-0.9789608641137002,0.4514880681999111,-0.11834360156439801,0.7029332704872681,-0.690655417753036,0.121954341900598
-0.4444893885966982,-0.9810204669565181,0.45151414514094484,-0.11822220128604001,0.7031980732136621,-0.690412629461492,0.12192162892395601
-0.4444569572935835,-0.9830801489041311,0.45153022261760284,-0.11853128054699,0.7023465479670761,-0.6912228886248339,0.121940808673076
-0.44442452599046867,-0.9851398308517441,0.4515463000942608,-0.118520020653852,0.7035385226222199,-0.689939014409778,0.122353291730294
-0.44439202794433663,-0.987199433694562,0.4515723770352945,-0.118785995722116,0.7014428023868801,-0.692105794137278,0.12188592042142399
-0.4443597301272565,-0.9892592738517647,0.4515684555832011,-0.118231776441284,0.7044315378493,-0.689072484726592,0.12237247995899399
-0.44432709859508973,-0.991318718484993,0.45161453145298625,-0.11855234536514601,0.701062624434014,-0.6925974004641839,0.12150911454417399
-0.44429486752102704,-0.9933786377469906,0.45160061053651707,-0.118482673896648,0.7023210440620941,-0.691267004297588,0.121880636086022
-0.4442625029609296,-0.9954383987993985,0.45160668854879943,-0.118503106506506,0.7041744544071681,-0.689254275721258,0.12256497632548
-0.44422987142876286,-0.9974978434326266,0.45165276441858454,-0.118455949754074,0.7044374812128761,-0.68898528441834,0.12260936802311799
-0.4441972398965961,-0.9995572880658546,0.45169884028836965,-0.1190006784362,0.7002313509334082,-0.693331007046116,0.12167886507329399
-0.444165142308568,-1.0016173655374425,0.4516649204431491,-0.11863540140578199,0.702304202275808,-0.6912309808727939,0.12203492124226599
-0.44413271100545326,-1.0036770474850552,0.4516809979198071,-0.11899505094029,0.701688770505056,-0.69176606412679,0.12219042608609598
-0.4441004131883732,-1.005736887642258,0.45167707646771366,-0.11856833553085201,0.7040055743030921,-0.6894149037204379,0.122571320752024
-0.44406784839922375,-1.007796411380281,0.45171315287312314,-0.11883536005283202,0.6988938542310641,-0.694819983798586,0.12103783180795799
-0.44403581755421295,-1.0098565679566638,0.45166923356352684,-0.11985749895185202,0.7014603627973021,-0.6917046222200179,0.123006576969116
-0.44400351973713287,-1.0119164081138665,0.4516653121114334,-0.11893331970703201,0.703800864793724,-0.689505625938206,0.12288063882657599
-0.44397095494798344,-1.0139759318518897,0.45170138851684283,-0.118941505709522,0.6993928143722019,-0.6942495921564299,0.12132229508126799
-0.4439389241029727,-1.0160360884282722,0.4516574692072466,-0.118284417732602,0.702111635454698,-0.6915639593326259,0.121600504154222
-0.4439065595428752,-1.0180958494806802,0.45166354721952895,-0.11932859584043401,0.7000552433156321,-0.69340382294558,0.12195719370930198
-0.44387446195484714,-1.0201559269522678,0.4516296273743084,-0.11911193618686403,0.69845281429107,-0.6951929959168139,0.12116801551561
-0.44384249785285373,-1.0222161626334452,0.45157570860033636,-0.119437630288082,0.6976651601252101,-0.6959170897399959,0.12122681783785999
-0.443810667236895,-1.0242765565242127,0.45150179089761305,-0.11986586773293402,0.69910991647144,-0.694225406000036,0.122177181865102
-0.4437786363918842,-1.0263367131005952,0.4514578715880168,-0.12020716792338,0.6944628021604321,-0.69903775817188,0.120895199152186
-0.44374713949101213,-1.0283975025153376,0.45133395656341485,-0.12012200412640602,0.6973291861712579,-0.696033587792044,0.121811367146298
-0.4437153756180707,-1.0304579755108998,0.4512500393963158,-0.11936930342326602,0.698039067273304,-0.6955438493549638,0.12128756412895
-0.4436834782590946,-1.0325182902968724,0.45118612115796813,-0.11990771393284401,0.6930690567909881,-0.700607203512106,0.120108641088364
-0.4436521815872745,-1.0345793170259994,0.45103220774023906,-0.119027263307038,0.6994346341794541,-0.694174896046722,0.12142584311438198
-0.4436200839992464,-1.0366393944975871,0.45099828789501856,-0.120372102534506,0.69298411933633,-0.7005355739142659,0.12054978560761798
-0.44358878732742624,-1.0387004212267141,0.45084437447728953,-0.119625921343192,0.7004974997659821,-0.6928239149977,0.12242133530811598
-0.4435566229963808,-1.040760419593507,0.45082045409644467,-0.11924184136876001,0.70019104490801,-0.6932894890160419,0.12191454061249599
-0.4435244586653354,-1.0428204179602993,0.45079653371559986,-0.120002375739916,0.6938706534230601,-0.699732096904398,0.12048219872735799
-0.44349309525049796,-1.0448813655846316,0.4506526197622466,-0.119291654963732,0.700696744382424,-0.6927275469164,0.122146421785388
-0.4434608641764352,-1.0469412848466293,0.4506386988457774,-0.11869960716486402,0.7000003935125081,-0.693684796341218,0.121286695053744
-0.44342876658840713,-1.0490013623182168,0.4506047790005569,-0.11948182369739199,0.6967547311576701,-0.696868080333326,0.120953954334856
-0.44339700271546567,-1.0510618353137793,0.4505208618334578,-0.11699486769169401,0.713436383023804,-0.6796040192169479,0.12433000921799799
-0.44336330329502166,-1.0531200142702883,0.45072692913325424,-0.11593830241187,0.713531851552658,-0.679886195492522,0.12322606544497999
-0.42314090097326856,-0.8529739114896545,0.4477585480827286,-0.13002962014314798,-0.7045105991497461,0.6865599133627021,0.12406013825345198
-0.4231089368712751,-0.855034147170832,0.44770462930875665,-0.13152301984376,-0.6934517176413201,0.697902720676412,0.121478874159722
-0.4230757046519524,-0.8570928798609057,0.4478407003579231,-0.130719499112542,-0.6950877307462681,0.696464667616048,0.12125026615649599
-0.4230426059186643,-0.8591517707605691,0.4479567724783382,-0.131381159943986,-0.693184182001854,0.69823669568863,0.121234520343596
-0.4230093069563242,-0.8612104243458477,0.4481028429918804,-0.13157302702055199,-0.69198303604189,0.699433940444856,0.120991614192946
-0.4229758745079495,-0.8632689197215366,0.44826891243417405,-0.13070756104692402,-0.6931770429008081,0.698492265072492,0.120537305530894
-0.42294257554560943,-0.8653275733068151,0.4484149829477162,-0.13076128172151,-0.693711646340604,0.6979075995985541,0.12078777229715199
-0.4229093433262867,-0.8673863059968887,0.4485510539968827,-0.130731130358008,-0.694724794559722,0.696846028737778,0.121128654726118
-0.42287617784998127,-0.8694451177917573,0.4486771255816735,-0.13299907032344602,-0.6915188087594939,0.69939827346923,0.12228648063600399
-0.42284274540160655,-0.8715036131674461,0.44884319502396713,-0.13102541377947802,-0.693047716990642,0.6985116987315,0.120817857695568
-0.4228094464392665,-0.8735622667527246,0.44898926553750934,-0.13177350223639397,-0.692538577393466,0.69877569859407,0.12140110031111599
-0.42277608073390904,-0.8756208412332084,0.4491453355154273,-0.13177437279515,-0.6932369103679061,0.698036506692186,0.12165950531919799
-0.422742781771569,-0.877679494818487,0.4492914060289695,-0.131062253806724,-0.6969052580453541,0.6944011590438,0.12227937321515799
-0.4227099500103503,-0.8797387021373303,0.4493674802918817,-0.13294457690232,-0.6926947246190202,0.698177259186112,0.12266620739240199
-0.42267665104801017,-0.881797355722609,0.44951355080542393,-0.131996756729554,-0.695252550941846,0.695815366768212,0.12263710259204
-0.42264361905773945,-0.8838563257270673,0.44961962346146334,-0.13064659166698403,-0.7000113466198641,0.691219394953434,0.12300708431611998
-0.42261112101160736,-0.8859159285698853,0.449645700402497,-0.132687689100922,-0.6955368120177682,0.695253997078592,0.12346289377353599
-0.4225781557643539,-0.8879749776791387,0.4497417735941607,-0.1321298916818,-0.697618424790938,0.6932362782286959,0.12366395135176599
-0.4225453907461525,-0.8900342641027769,0.4498078483926972,-0.13179535699196201,-0.6974495859656602,0.6935425878565199,0.12324971849745998
-0.4225126257279511,-0.892093550526415,0.44987392319123376,-0.13088693096535603,-0.6983799108226699,0.69288610998257,0.122647361237384
-0.422479927452767,-0.8941529160548483,0.44992999852539456,-0.130559027290522,-0.6987145429405361,0.6926482479678321,0.122428544530364
-0.42244729592060026,-0.8962123606880763,0.4499760743951797,-0.129771637770672,-0.7007466034497261,0.690753677014992,0.122360629166334
-0.42241486461748545,-0.8982720426356893,0.4499921518718377,-0.130156671382332,-0.698928793633892,0.692568789328136,0.122086243139974
-0.42238223308531875,-0.9003314872689173,0.4500382277416229,-0.13016820241659802,-0.70028099801092,0.691106990553504,0.12260417556545801
-0.42234973503918666,-0.9023910901117352,0.4500643046826566,-0.12989031051202402,-0.7002327458167881,0.691263360680512,0.12229302780634999
-0.42231723699305457,-0.9044506929545533,0.4500903816236903,-0.130173370138634,-0.7022984695454241,0.688919680403044,0.12337050479561201
-0.4222850059189918,-0.906510612216551,0.4500764607072211,-0.131126172007974,-0.7003250090256761,0.69069802183059,0.12363152993
-0.42225257461587706,-0.908570294164164,0.4500925381838791,-0.129980162464796,-0.7031057625105522,0.688113905407342,0.12347195775435399
-0.42222041028483165,-0.9106302925309567,0.4500686178030343,-0.130046178807324,-0.7015133873614761,0.6898205264862258,0.12293891648722799
-0.42218811246775156,-0.9126901326881596,0.45006469635094093,-0.13117576960933602,-0.6993797893750621,0.6917004438198039,0.12332701989698
-0.42215554767860214,-0.9147496564261826,0.45010077275635035,-0.130520836333554,-0.702057468124974,0.6890494886640119,0.12364860011445
-0.42212324986152205,-0.9168094965833853,0.4500968513042569,-0.13066043221755,-0.7003228338453501,0.690877287328876,0.123139482233436
-0.4220908185584073,-0.9188691785309983,0.4501129287809149,-0.13007568767913402,-0.703134172846858,0.688045918179996,0.12358471185140799
-0.42205865422736183,-0.920929176897791,0.4500890084000701,-0.131888796923512,-0.6985726604771021,0.692301545423254,0.123772439404
-0.4220260226951951,-0.9229886215310191,0.4501350842698552,-0.13105330001123802,-0.701986111498792,0.688924498277726,0.12418633356872198
-0.4219937916211323,-0.9250485407930169,0.45012116335338614,-0.13145048990333996,-0.699981303613646,0.6909465491159941,0.123843938112738
-0.42196129357500023,-0.9271081436358348,0.4501472402944198,-0.131090286599584,-0.7026229428539361,0.688216169831568,0.12446887612868798
-0.4219291292439548,-0.9291681420026275,0.45012331991357496,-0.132093967185118,-0.698168548378666,0.6926578431091579,0.123834536761234
-0.4218964309687707,-0.9312275075310608,0.45017939524773576,-0.1310394886043,-0.700601122731054,0.6904324335713619,0.1236447918195
-0.421863999665656,-0.9332871894786736,0.45019547272439375,-0.13085191747626398,-0.700298438396436,0.6908309215363799,0.123332540172294
-0.42183156836254126,-0.9353468714262866,0.4502115502010518,-0.13076307444574403,-0.7014401227581901,0.689627804050034,0.123669923008876
-0.4217992038024438,-0.9374066324786944,0.45021762821333416,-0.131548547536572,-0.6988331924686081,0.6921490035824021,0.123512828053406
-0.4217666390132944,-0.9394661562167176,0.45025370461874353,-0.13094519255654802,-0.701813573081168,0.68915320575808,0.124005383325008
-0.4217343411962143,-0.9415259963739203,0.4502497831666501,-0.1314170426379,-0.699987959814126,0.6909528441414601,0.12381096319803998
-0.42170184315008225,-0.9435855992167382,0.4502758601076838,-0.130584825148782,-0.7026772304574701,0.688351185478242,0.12395204770406601
-0.4216696788190368,-0.945645597583531,0.450251939726839,-0.13243314202385403,-0.6971579774870801,0.693616341992654,0.12380702271196599
-0.42163684705781806,-0.9477048049023742,0.45032801398975125,-0.131010976408622,-0.7016777462915421,0.6892764557506801,0.124023017263508
-0.4216046159837553,-0.949764724164372,0.4503140930732821,-0.131715063022118,-0.699014959145398,0.691890570337938,0.12375569524994799
-0.42157198445158856,-0.9518241687976001,0.4503601689430672,-0.131386014936286,-0.699215149481234,0.691799237848008,0.123485652191114
-0.42153941966243913,-0.9538836925356231,0.45039624534847666,-0.130139304665058,-0.702989278320706,0.688181242829944,0.123595920595264
-0.4215072553313937,-0.9559436909024158,0.4503723249676318,-0.132641899988528,-0.6986944120719162,0.691883427453262,0.124610774491886
-0.42147462379922696,-0.958003135535644,0.4504184008374169,-0.131134726866058,-0.7011925703204981,0.689755549024388,0.123970442689326
-0.4214423259821468,-0.9600629756928467,0.45041447938532353,-0.13157072340500803,-0.6984330778182781,0.692570901771618,0.123384485008784
-0.4214096277069627,-0.9621223412212799,0.4504705547194844,-0.1312495807217,-0.7010366259198659,0.6898817936039201,0.12403216112064998
-0.42137726314686536,-0.9641821022736877,0.45047663273176664,-0.13168896193583798,-0.699087349252436,0.691821502591502,0.12375712272838198
-0.42134469835771593,-0.9662416260117109,0.4505127091371761,-0.13078590691692002,-0.7029699399331282,0.687955611145142,0.12427758373732199
-0.4213125340266705,-0.9683016243785035,0.45048878875633125,-0.131754152290042,-0.7005019777758321,0.6902688611787081,0.12436217856034401
-0.4212801027235557,-0.9703613063261165,0.45050486623298924,-0.13169743416891402,-0.6984184653501221,0.692539270673258,0.123512263279408
-0.42124747119138894,-0.9724207509593445,0.45055094210277435,-0.13060653828418403,-0.7021329111225421,0.68893522481134,0.12376742876242201
-0.42121524011732625,-0.9744806702213423,0.45053702118630523,-0.13185229973679402,-0.699598987098282,0.691208108155762,0.12412273409063199
-0.4211826753281768,-0.9765401939593654,0.45057309759171466,-0.13118485888494,-0.7008454205566381,0.690113486941392,0.123891102139078
-0.4211503107680794,-0.9785999550117732,0.45057917560399696,-0.13101482907636403,-0.70003064146227,0.691059038345634,0.123403003813954
-0.4211178127219473,-0.9806595578545911,0.4506052525450307,-0.13110117951598202,-0.699654394862478,0.691433453709088,0.12335079423552399
-0.4210853146758152,-0.9827191606974092,0.4506313294860644,-0.130810108695956,-0.7010152648580501,0.69007038800571,0.12355889841894
-0.4210529501157178,-0.9847789217498171,0.45063740749834663,-0.131346395421104,-0.698861190369804,0.69219463412343,0.12331067618102398
-0.42102031858355105,-0.9868383663830451,0.4506834833681318,-0.13031359578324803,-0.702060323708912,0.689124963624128,0.12342860784274201
-0.42098802076647096,-0.988898206540248,0.45067956191603836,-0.130967662846516,-0.699330115656656,0.691832127407054,0.12308895820654801
-0.42095545597732154,-0.990957730278271,0.4507156383214478,-0.131063834987712,-0.7017248025362941,0.6892040744690999,0.12409800132278198
-0.42092315816024145,-0.9930175704354739,0.4507117168693544,-0.130621151990272,-0.700723800841158,0.69045748973477,0.12324956874317398
-0.42089079360014403,-0.9950773314878818,0.45071779488163666,-0.13135894383208602,-0.7015928880630542,0.68923484753649,0.124360293383924
-0.4208584957830639,-0.9971371716450845,0.4507138734295432,-0.13242834242041002,-0.699793983194122,0.690776669520498,0.12480506808299398
-0.42082599773693186,-0.9991967744879026,0.45073995037057696,-0.13287564553712,-0.6972465366177661,0.6933523491003821,0.124304826862126
-0.4207932327187304,-1.0012560609115408,0.4508060251691135,-0.131154128009,-0.704275480580592,0.686384853394548,0.12517271671766197
-0.42076126861673696,-1.0033162965927183,0.4507521063951415,-0.13220973577385003,-0.6989398066026441,0.691783942889814,0.12424767682756
-0.42072863708457026,-1.0053757412259463,0.4507981822649267,-0.131630914576726,-0.7011355865915201,0.6896276100882041,0.12447528577150199
-0.42069633926749017,-1.0074355813831493,0.45079426081283325,-0.131588979846016,-0.7022431321111061,0.688440318932862,0.12485313675647
-0.4206641081934274,-1.009495500645147,0.4507803398963641,-0.132177415857578,-0.699070386578472,0.69165439231411,0.124264436717076
-0.420631543404278,-1.01155502438317,0.45081641630177355,-0.13111764433741802,-0.7011955446846581,0.6897583455798599,0.123953604671238
-0.4205991788441805,-1.013614785435578,0.45082249431405585,-0.130146725453604,-0.7030774211093561,0.6880816950222141,0.123638978559638
-0.4205670145131351,-1.0156747838023705,0.45079857393321104,-0.130175750775814,-0.7056363850278481,0.6852687257256841,0.12464912215113799
-0.42053518389717637,-1.017735177693138,0.45072465623048763,-0.131853158593648,-0.7020141857232539,0.6885869561323941,0.125047711749508
-0.4205029528231136,-1.019795096955136,0.4507107353140185,-0.13137615169639202,-0.703570864618278,0.687071895868904,0.12513832058902
-0.4204709219781029,-1.0218552535315184,0.45066681600442227,-0.13011651622402398,-0.7021162906400021,0.689139302255344,0.12324148315268399
-0.42043862416102273,-1.0239150936887211,0.45066289455232883,-0.12830605886007598,-0.710003873013476,0.681157787460542,0.12431494690425998
-0.42040726074618534,-1.0259760413130532,0.45051898059897555,-0.130346056356678,-0.704360255483942,0.686603559045028,0.124340535624202
-0.4203752966441919,-1.0280362769942308,0.4504650618250036,-0.13056013781598,-0.7027489134901461,0.6882828256004879,0.12395345890866
-0.42034313231314646,-1.0300962753610237,0.45044114144415875,-0.12813952337141202,-0.710268173868114,0.68092896715323,0.124235309942486
-0.42031183564132635,-1.0321573020901504,0.45028722802642973,-0.13128588216274,-0.702544583711116,0.6882274351494979,0.124647350805142
-0.42027960456726354,-1.0342172213521483,0.45027330710996055,-0.12948301747480198,-0.70418649914871,0.687123695948134,0.123352575350168
-0.4202475737222528,-1.036277377928531,0.45022938780036437,-0.128245802447356,-0.7111904653952701,0.6798589806323159,0.124709203323112
-0.42021641053646736,-1.0383385628672477,0.4500554754538839,-0.130208530910852,-0.702595714458346,0.688583341301422,0.12352105009429999
-0.4201841794624046,-1.0403984821292456,0.45004155453741473,-0.13073972717626806,-0.7017029609758082,0.6893510379072639,0.12374562158141
-0.4201518816453245,-1.0424583222864485,0.45003763308532135,-0.128437023139304,-0.7084363258343701,0.6828473025527381,0.12385296694120199
-0.4201203847444524,-1.0445191117011905,0.44991371806071945,-0.13070380835063,-0.7059452286573601,0.684724842071956,0.12533548710085599
-0.42008855412849366,-1.046579505591958,0.4498398003579961,-0.130474555791572,-0.70075824156888,0.6904762434535999,0.12310650711225998
-0.4200561228253789,-1.0486391875395709,0.449855877834654,-0.129104914270914,-0.7026729811704301,0.688915732592566,0.122378872068814
-0.42002395849433344,-1.0506991859063637,0.4498319574538093,-0.129571705461082,-0.703210841548122,0.688153915727524,0.123076538996752
-0.419991794163288,-1.0527591842731563,0.44980803707296446,-0.12874175692363599,-0.703349701202106,0.688316416729976,0.12224705425933398
-0.4233808658827746,-0.8529776771898586,0.44776017955682,-0.117376399511822,0.699166520267306,-0.6950362565291981,0.11963000412742399
-0.4233489017807812,-0.8550379128710361,0.4477062607828481,-0.116150586313696,0.7098893834474341,-0.6838479876173559,0.12213141933030398
-0.42331566956145844,-0.8570966455611098,0.44784233183201455,-0.11659007874286202,0.7084110777242759,-0.6853159202118759,0.12206729149545201
-0.4232825708281704,-0.8591555364607731,0.44795840395242964,-0.116060718899514,0.7101950028146041,-0.6835439844465,0.122146165885874
-0.42324927186583033,-0.8612141900460518,0.4481044744659718,-0.116086568233898,0.711325164486248,-0.68228467474192,0.122581290423238
-0.4232158394174556,-0.8632726854217405,0.44827054390826543,-0.11583774338074199,0.7103841707721321,-0.6834144220068541,0.121976351871524
-0.4231825404551155,-0.8653313390070192,0.44841661442180764,-0.11509902490829402,0.709932215499214,-0.684177968586362,0.12102850849583799
-0.4231493082357928,-0.8673900716970928,0.44855268547097416,-0.11674231040579001,0.708747309880884,-0.68489264394246,0.122348983038936
-0.42311614275948733,-0.8694488834919614,0.44867875705576493,-0.116279595365412,0.711415199524496,-0.682114670987948,0.12282064322728599
-0.4230827103111126,-0.8715073788676502,0.44884482649805857,-0.115405341065618,0.7104853387884099,-0.683458385588824,0.121552471035054
-0.42304941134877255,-0.8735660324529287,0.4489908970116007,-0.11562531998366203,0.710783264885228,-0.683050253641628,0.12189392537158401
-0.42301604564341516,-0.8756246069334125,0.44914696698951867,-0.11556428055617801,0.7101084539212681,-0.6838167326001141,0.121586427696458
-0.42298274668107505,-0.877683260518691,0.4492930375030609,-0.116231289378752,0.7066026046231341,-0.6874232513658061,0.12104216191075398
-0.42294991491985634,-0.8797424678375344,0.4493691117659731,-0.11549786170258801,0.710372060393978,-0.683549873227652,0.12161047021098
-0.42291661595751623,-0.8818011214228129,0.4495151822795153,-0.11567540056823603,0.7080874448824641,-0.685997785672544,0.120983600285876
-0.4228835839672455,-0.8838600914272714,0.4496212549355547,-0.11645721168963001,0.7036188127310421,-0.6905804535140599,0.12022771223992801
-0.42285108592111337,-0.8859196942700894,0.4496473318765884,-0.11670700310222201,0.707527182034324,-0.6862432979377899,0.12187428792709201
-0.42281812067386,-0.8879787433793428,0.44974340506825206,-0.11637527467547,0.7056710636505581,-0.6883863901007798,0.12086480368825599
-0.42278535565565856,-0.890038029802981,0.4498094798667886,-0.11592271342113801,0.70596728980733,-0.688223474098702,0.120494061006094
-0.4227525906374572,-0.8920973162266191,0.4498755546653252,-0.115565524060924,0.7052987496252261,-0.6890756570127139,0.11988443012262
-0.4227198923622731,-0.8941566817550524,0.449931629999486,-0.11588313191184002,0.704989251177514,-0.68929961199707,0.12010872619620999
-0.4226872608301063,-0.8962161263882804,0.4499777058692711,-0.11649293335275201,0.7030538604855661,-0.69117751705832,0.12006762444892
-0.42265482952699157,-0.8982758083358933,0.44999378334592915,-0.115237018249452,0.70495604682423,-0.6895613316172359,0.11942124226633599
-0.4226221979948248,-0.9003352529691214,0.45003985921571427,-0.11583529216531202,0.7035443164510919,-0.6908785872350119,0.11955446307716601
-0.4225896999486927,-0.9023948558119393,0.45006593615674795,-0.11586907330154199,0.7036371339405221,-0.690765978315428,0.11962203484158
-0.4225572019025607,-0.9044544586547574,0.4500920130977817,-0.11632708374884002,0.7014959902713681,-0.6929103528459761,0.11935333921241201
-0.4225249708284979,-0.9065143779167552,0.4500780921813125,-0.11637988773431,0.703237271240362,-0.691020334304114,0.12001424219244199
-0.4224925395253832,-0.9085740598643681,0.45009416965797056,-0.11614762353899401,0.7007755589887421,-0.693743757219648,0.118919904074476
-0.4224603751943377,-0.9106340582311608,0.4500702492771257,-0.116250515802894,0.70229595662725,-0.692078506317358,0.11955163363210598
-0.4224280773772576,-0.9126938983883636,0.4500663278250323,-0.11617021208808402,0.7041790841450221,-0.690076250831888,0.120124271744942
-0.4223955125881082,-0.9147534221263867,0.45010240423044173,-0.116015720447478,0.701725509707916,-0.692771976805438,0.119110506991668
-0.4223632147710281,-0.9168132622835894,0.4500984827783483,-0.11614250155997399,0.7033632216066381,-0.6909663076639759,0.11981110855458799
-0.42233078346791336,-0.9188729442312024,0.45011456025500635,-0.116432894605336,0.70068000211629,-0.693747271565916,0.11918105295614198
-0.42229861913686795,-0.9209329425979951,0.4500906398741615,-0.116105472220306,0.704834441329372,-0.689388560370704,0.12028746268495201
-0.4222659876047012,-0.9229923872312232,0.4501367157439466,-0.116785511252846,0.7015683258300961,-0.69267317949982,0.11985345709005799
-0.4222337565306384,-0.9250523064932209,0.45012279482747747,-0.11609729173994801,0.7035567675628239,-0.6907736279103699,0.11983126900583399
-0.42220125848450635,-0.9271119093360389,0.4501488717685112,-0.11742253929914402,0.7008285277160621,-0.6932452696056359,0.12025555159007999
-0.4221690941534609,-0.9291719077028316,0.45012495138766634,-0.116550199335734,0.705118013206426,-0.688925262810354,0.12085255918986199
-0.42213639587827684,-0.9312312732312649,0.4501810267218272,-0.116235133738288,0.7030098450303301,-0.691316001044726,0.119783952177414
-0.4221039645751621,-0.9332909551788777,0.4501971041984852,-0.11646213060948402,0.7033001234910041,-0.690922819285206,0.12012119303399399
-0.42207153327204733,-0.9353506371264906,0.4502131816751432,-0.11645016663781602,0.7022077306659981,-0.692103926444266,0.11972866027913401
-0.4220391687119499,-0.9374103981788985,0.4502192596874255,-0.11638829213512401,0.704604804411224,-0.6895382654721219,0.12050227863659198
-0.42200653717978315,-0.9394698428121266,0.4502653355572106,-0.11674814554466001,0.701761215912522,-0.6924797938664718,0.11988133384278199
-0.4219743061057204,-0.9415297620741244,0.4502514146407415,-0.116621029248584,0.703471458420702,-0.6906828132568599,0.12034753668986
-0.4219418080595883,-0.9435893649169423,0.45027749158177516,-0.116468718779244,0.70103400421107,-0.6933564742357581,0.11933997803881799
-0.42190964372854284,-0.9456493632837351,0.45025357120093035,-0.11649684730156802,0.7060380598053182,-0.687944480198362,0.12112180953203801
-0.42187681196732413,-0.9477085706025783,0.45032964546384263,-0.11673417757394601,0.7018840038005801,-0.6923520906496899,0.119910228048058
-0.42184451415024404,-0.9497684107597811,0.45032572401174925,-0.116129454334624,0.704437226122654,-0.689810841346996,0.12017217936709798
-0.4218119493610946,-0.9518279344978042,0.4503618004171586,-0.116084893596612,0.70431276927508,-0.6899612257053059,0.120083026050932
-0.42177938457194525,-0.9538874582358272,0.45039787682256804,-0.11621561020802203,0.70085028783122,-0.693639780874456,0.11901558736419601
-0.4217472202408998,-0.9559474566026199,0.4503739564417232,-0.11656505855630402,0.7045010339205021,-0.689589303023544,0.120649938368634
-0.421714588708733,-0.9580069012358481,0.45042003231150834,-0.11659401028598601,0.7023579339258301,-0.691892417347416,0.11993055558401
-0.42168229089165293,-0.9600667413930508,0.4504161108594149,-0.116141637009524,0.7050262518492721,-0.6891682594905041,0.12039173743411599
-0.42164959261646884,-0.962126106921484,0.45047218619357576,-0.11623330110115601,0.702550004201602,-0.6918102887892401,0.119622694525492
-0.4216172280563714,-0.9641858679738918,0.45047826420585807,-0.11642970376197002,0.7043242015515241,-0.689827926272664,0.120446758303678
-0.42158466326722205,-0.9662453917119148,0.4505143406112675,-0.11713574607048602,0.700594811849962,-0.693594830748298,0.11987740478808001
-0.4215524989361766,-0.9683053900787076,0.45049042023042263,-0.116534724930506,0.7029269980392682,-0.6913009957027441,0.12006608706651199
-0.4215200676330618,-0.9703650720263206,0.4505064977070806,-0.116898722314084,0.704900616441466,-0.689038742799576,0.121140217522068
-0.42148743610089506,-0.9724245166595487,0.4505525735768658,-0.11638723186366601,0.701572793900924,-0.6928070657101639,0.11944271558733599
-0.4214552050268323,-0.9744844359215464,0.4505386526603966,-0.11687935293231001,0.7037260864691101,-0.690317512276906,0.12070597510210801
-0.4214226402376829,-0.9765439596595695,0.4505747290658061,-0.116278007153418,0.702740468840264,-0.6915914139711379,0.119733983660336
-0.42139027567758547,-0.9786037207119773,0.45058080707808834,-0.11630501656004999,0.703555629464126,-0.69070206461121,0.12004786464252999
-0.4213577776314534,-0.9806633235547952,0.450606884019122,-0.116238809325902,0.703916861258468,-0.6903360160380599,0.12010512953929199
-0.4213252795853213,-0.9827229263976133,0.45063296096015576,-0.116390506491268,0.702622341734034,-0.6916779854377121,0.11981020841460799
-0.42129284828220653,-0.9847826083452262,0.4506490384368137,-0.11578249557751201,0.704709384955746,-0.689637455029662,0.11990530303428601
-0.4212602834930571,-0.9868421320832492,0.4506851148422232,-0.115773221977454,0.701800901955496,-0.6927749857212979,0.118885886661742
-0.421227985675977,-0.9889019722404521,0.45068119339012974,-0.11585860422435403,0.70431592857862,-0.6900377377244,0.119846789098526
-0.4211954208868276,-0.9909614959784752,0.4507172697955392,-0.11689600175683,0.70180121177449,-0.6923845636426259,0.12004866881962399
-0.42116312306974757,-0.993021336135678,0.4507133483434458,-0.11546300970525401,0.70309399363227,-0.69149326684515,0.11901116781747
-0.4211307585096501,-0.9950810971880858,0.45071942635572804,-0.116582265519958,0.7019324444618861,-0.692353161374342,0.11977054260428999
-0.42109846069257,-0.9971409373452886,0.4507155049036346,-0.116541116427624,0.703484420526622,-0.6906961865093239,0.120268974207778
-0.4210659626464379,-0.9992005401881067,0.45074158184466834,-0.115455955490594,0.706012142691472,-0.688338675450072,0.120020005856444
-0.4210331976282365,-1.0012598266117447,0.4508076566432049,-0.11656039204839799,0.6993775618806141,-0.695092845392954,0.11886373445861198
-0.42100116678322574,-1.0033199831881274,0.4507637373336087,-0.1170641806757,0.704269590725054,-0.689663904693176,0.121091170813724
-0.4209686019940763,-1.0053795069261504,0.45079981373901806,-0.11676374289568602,0.702295537917888,-0.6918999438624379,0.12008503164913001
-0.4209362374339789,-1.0074392679785582,0.45080589175130037,-0.11702226060401,0.7011868196728319,-0.69300111240785,0.11996519057329198
-0.4209040731029335,-1.009499266345351,0.45078197137045556,-0.116119113817162,0.704296778831446,-0.689966300677336,0.12011253069035599
-0.42087150831378406,-1.011558790083374,0.4508180477758649,-0.11698501288235201,0.702290952160832,-0.691827699295722,0.12031355110793998
-0.42083914375368664,-1.0136185511357818,0.45082412578814723,-0.11623894363051801,0.700759133744944,-0.693729703889194,0.119008285824672
-0.4208069794226412,-1.0156785495025746,0.4508002054073024,-0.117156141787066,0.69809061439302,-0.6962576438226821,0.119032726931406
-0.4207751488066825,-1.0177389433933421,0.450726287704579,-0.11655965420632,0.701443715573936,-0.692885213437252,0.11957645847198001
-0.4207429177326197,-1.0197988626553398,0.45071236678810994,-0.117985228108214,0.6997534724232061,-0.694198830883436,0.12046215276427999
-0.4207108201445916,-1.0218589401269276,0.4506784469428894,-0.11728432055140202,0.7015144837901641,-0.69255735325277,0.12035203798309399
-0.4206785890705288,-1.0239188593889252,0.45066452602642026,-0.11718536519587601,0.694071791768288,-0.700485080152322,0.11769503992012799
-0.4206472256556914,-1.0259798070132573,0.4505206120730669,-0.117344537137454,0.6992709936727739,-0.6949370184892759,0.11963446268307401
-0.42061526155369794,-1.028040042694435,0.45046669329909494,-0.11751735306824601,0.70077771578292,-0.693266177711468,0.120336380562436
-0.4205830972226526,-1.0301000410612275,0.4504427729182502,-0.11755428294216001,0.693747705906512,-0.70069997575999,0.117958545988204
-0.4205517338078151,-1.0321609886855596,0.4502988589648968,-0.117831465682274,0.700798130068926,-0.693134949869634,0.12066851076415801
-0.42051956947676966,-1.0342209870523524,0.450274938584052,-0.118332647789956,0.699387197842368,-0.6944692736640219,0.12069224554001401
-0.42048753863175886,-1.036281143628735,0.45023101927445575,-0.11861990439892202,0.692576515055086,-0.7015636132152101,0.11863848292749601
-0.4204563087029561,-1.038342249462657,0.450067106392351,-0.118214218435864,0.7008602736680241,-0.69293327788462,0.12108736923607999
-0.4204241443719107,-1.0404022478294497,0.45004318601150617,-0.118321052127762,0.701628104153422,-0.6920711752911239,0.121468774557964
-0.4203918465548306,-1.0424620879866524,0.45003926455941273,-0.11899848052153202,0.6951909844401281,-0.6986902618161681,0.11991654472910801
-0.4203602829109412,-1.0445227982965997,0.44992534899918657,-0.11877959240555001,0.697381291559996,-0.696449086578424,0.12045223455284801
-0.4203285190379997,-1.0465832712921619,0.4498414318320874,-0.11790965127004402,0.7026778414923581,-0.6910859171846601,0.12141085830300201
-0.42029608773488497,-1.048642953239775,0.44985750930874546,-0.11848774955055001,0.7009219151870121,-0.6927712905492821,0.12139198028213799
-0.4202638566608222,-1.0507028725017729,0.44984358839227634,-0.11771926167758201,0.700451489445312,-0.693544836194732,0.12043032961812
-0.42023175907279414,-1.0527629499733604,0.44980966854705584,-0.119061992162054,0.700202853029058,-0.693340420539034,0.12173225863566599
