waypoint_index,solution_index,j1_deg,j2_deg,j3_deg,j4_deg,j5_deg,j6_deg,cf1,cf4,cf6,cfx,is_selected
0,0,-17.60444259593439,17.584047873423387,-27.08171881378809,176.81349959785507,56.73847768504728,-73.65665382049625,-1,1,-1,6,0
0,1,-17.60444259593439,17.584047873423387,-27.08171881378809,-3.1865004021449357,-56.73847768504728,106.34334617950377,-1,-1,1,7,1
1,0,-17.620155892024293,17.513353314019366,-26.951115290529042,176.74333877203776,56.908690546726234,-73.5323591136214,-1,1,-1,6,0
1,1,-17.620155892024293,17.513353314019366,-26.951115290529042,-3.256661227962253,-56.908690546726234,106.46764088637862,-1,-1,1,7,1
2,0,-17.635832592781785,17.44279398700097,-26.820849781529585,176.67367597005787,57.07883354284309,-73.40858773064221,-1,1,-1,6,0
2,1,-17.635832592781785,17.44279398700097,-26.820849781529585,-3.326324029942146,-57.07883354284309,106.5914122693578,-1,-1,1,7,1
3,0,-17.651472663890488,17.37236798837189,-26.69091918083814,176.60450687499022,57.248906283313175,-73.2853348625692,-1,1,-1,6,0
3,1,-17.651472663890488,17.37236798837189,-26.69091918083814,-3.395493125009784,-57.248906283313175,106.7146651374308,-1,-1,1,7,1
4,0,-17.66707607223797,17.302073431126914,-26.56132041343064,176.5358272253626,57.41890837713083,-73.16259575852098,-1,1,-1,6,0
4,1,-17.66707607223797,17.302073431126914,-26.56132041343064,-3.464172774637399,-57.41890837713083,106.83740424147904,-1,-1,1,7,1
5,0,-17.682642785915995,17.231908445003718,-26.432050434740457,176.4676328142553,57.58883943240444,-73.04036572477021,-1,1,-1,6,0
5,1,-17.682642785915995,17.231908445003718,-26.432050434740457,-3.5323671857447043,-57.58883943240444,106.9596342752298,-1,-1,1,7,1
6,0,-17.69817277422089,17.161871176239828,-26.303106230198175,176.39991948841896,57.758699056390675,-72.91864012380934,-1,1,-1,6,0
6,1,-17.69817277422089,17.161871176239828,-26.303106230198175,-3.6000805115810377,-57.758699056390675,107.08135987619067,-1,-1,1,7,1
7,0,-17.713666007653657,17.09195978733533,-26.17448481478186,176.33268314741042,57.928486855527524,-72.7974143734346,-1,1,-1,6,0
7,1,-17.713666007653657,17.09195978733533,-26.17448481478186,-3.66731685258959,-57.928486855527524,107.20258562656541,-1,-1,1,7,1
8,0,-17.729122457920234,17.022172456820158,-26.046183232576283,176.2659197427458,58.098202435466995,-72.67668394584845,-1,1,-1,6,0
8,1,-17.729122457920234,17.022172456820158,-26.046183232576283,-3.7340802572542087,-58.098202435466995,107.32331605415156,-1,-1,1,7,1
9,0,-17.74454209793151,16.95250737902682,-25.91819855634201,176.19962527707088,58.26784540110661,-72.55644436677991,-1,1,-1,6,0
9,1,-17.74454209793151,16.95250737902682,-25.91819855634201,-3.8003747229291194,-58.26784540110661,107.44355563322009,-1,-1,1,7,1
10,0,-17.759924901803434,16.882962763867987,-25.790527887093784,176.13379580334785,58.43741535662015,-72.43669121462197,-1,1,-1,6,0
10,1,-17.759924901803434,16.882962763867987,-25.790527887093784,-3.8662041966521534,-58.43741535662015,107.56330878537803,-1,-1,1,7,1
11,0,-17.775270844856948,16.813536836618688,-25.663168353687528,176.06842742405848,58.606911905487856,-72.31742011958644,-1,1,-1,6,0
11,1,-17.775270844856948,16.813536836618688,-25.663168353687528,-3.93157257594153,-58.606911905487856,107.68257988041356,-1,-1,1,7,1
12,0,-17.790579903617992,16.7442278377032,-25.536117112416132,176.00351629042297,58.77633465052562,-72.19862676287495,-1,1,-1,6,0
12,1,-17.790579903617992,16.7442278377032,-25.536117112416132,-3.996483709577043,-58.77633465052562,107.80137323712505,-1,-1,1,7,1
13,0,-17.80585205581731,16.675034022486678,-25.409371346614144,175.9390586016344,58.945683193913545,-72.08030687586631,-1,1,-1,6,0
13,1,-17.80585205581731,16.675034022486678,-25.409371346614144,-4.0609413983656095,-58.945683193913545,107.9196931241337,-1,-1,1,7,1
14,0,-17.821087280390323,16.60595366107095,-25.282928266270318,175.87505060410825,59.114957137223726,-71.96245623931979,-1,1,-1,6,0
14,1,-17.821087280390323,16.60595366107095,-25.282928266270318,-4.124949395891757,-59.114957137223726,108.03754376068022,-1,-1,1,7,1
15,0,-17.836285557476884,16.536985038094667,-25.156785107648293,175.8114885907466,59.284156081447705,-71.84507068259357,-1,1,-1,6,0
15,1,-17.836285557476884,16.536985038094667,-25.156785107648293,-4.188511409253413,-59.284156081447705,108.15492931740643,-1,-1,1,7,1
16,0,-17.851446868420986,16.468126452537806,-25.03093913291552,175.7483689002168,59.45327962702253,-71.72814608287855,-1,1,-1,6,0
16,1,-17.851446868420986,16.468126452537806,-25.03093913291552,-4.2516310997832,-59.45327962702253,108.27185391712145,-1,-1,1,7,1
17,0,-17.866571195770423,16.39937621753011,-24.90538762977956,175.68568791624426,59.62232737385691,-71.61167836444643,-1,1,-1,6,0
17,1,-17.866571195770423,16.39937621753011,-24.90538762977956,-4.314312083755753,-59.62232737385691,108.38832163555357,-1,-1,1,7,1
18,0,-17.866571195770423,16.39937621753011,-24.90538762977956,175.68568791624426,59.62232737385691,-71.61167836444643,-1,1,-1,6,0
18,1,-17.866571195770423,16.39937621753011,-24.90538762977956,-4.314312083755753,-59.62232737385691,108.38832163555357,-1,-1,1,7,1
19,0,-17.866571195770423,16.39937621753011,-24.90538762977956,175.68568791624426,59.62232737385691,-71.61167836444643,-1,1,-1,6,0
19,1,-17.866571195770423,16.39937621753011,-24.90538762977956,-4.314312083755753,-59.62232737385691,108.38832163555357,-1,-1,1,7,1
20,0,-17.864591350992615,16.418680539273687,-24.93227120528282,175.72767699307502,59.635647259871085,-71.63369760316547,-1,1,-1,6,0
20,1,-17.864591350992615,16.418680539273687,-24.93227120528282,-4.272323006924984,-59.635647259871085,108.36630239683454,-1,-1,1,7,1
21,0,-17.846987971703573,16.562853219595052,-25.131720542992642,176.0670069269125,59.73289729239682,-71.81206653027968,-1,1,-1,6,0
21,1,-17.846987971703573,16.562853219595052,-25.131720542992642,-3.9329930730874905,-59.73289729239682,108.18793346972032,-1,-1,1,7,1
22,0,-17.826127243054994,16.6828331837729,-25.29472763768892,176.40732384897944,59.8057452448786,-71.99183110723666,-1,1,-1,6,0
22,1,-17.826127243054994,16.6828331837729,-25.29472763768892,-3.592676151020547,-59.8057452448786,108.00816889276335,-1,-1,1,7,1
23,0,-17.805296322545114,16.803324547332068,-25.459020061343423,176.7470337456006,59.87882979053201,-72.17108922257314,-1,1,-1,6,0
23,1,-17.805296322545114,16.803324547332068,-25.459020061343423,-3.252966254399423,-59.87882979053201,107.82891077742686,-1,-1,1,7,1
24,0,-17.77220890741117,16.930495791540864,-25.626797792369228,177.21574071867286,59.93755957479443,-72.41993850666188,-1,1,-1,6,0
24,1,-17.77220890741117,16.930495791540864,-25.626797792369228,-2.7842592813271487,-59.93755957479443,107.5800614933381,-1,-1,1,7,1
25,0,-17.73911467155763,17.05846580535061,-25.796553247611428,177.68376898340622,59.9970733895372,-72.66830870649919,-1,1,-1,6,0
25,1,-17.73911467155763,17.05846580535061,-25.796553247611428,-2.316231016593781,-59.9970733895372,107.33169129350081,-1,-1,1,7,1
26,0,-17.698807490285816,17.16281228374473,-25.928188979885473,178.20723752841505,60.01643861194445,-72.94761562507328,-1,1,-1,6,0
26,1,-17.698807490285816,17.16281228374473,-25.928188979885473,-1.792762471584967,-60.01643861194445,107.05238437492672,-1,-1,1,7,1
27,0,-17.658409491449596,17.267999586275796,-26.061913648274945,178.7304571929146,60.037050569457755,-73.22693348417609,-1,1,-1,6,0
27,1,-17.658409491449596,17.267999586275796,-26.061913648274945,-1.2695428070853825,-60.037050569457755,106.77306651582393,-1,-1,1,7,1
28,0,-17.614594158506794,17.34353854458891,-26.15046705442032,179.27550431960537,60.01062491628586,-73.5191835172836,-1,1,-1,6,0
28,1,-17.614594158506794,17.34353854458891,-26.15046705442032,-0.7244956803946296,-60.01062491628586,106.4808164827164,-1,-1,1,7,1
29,0,-17.570594737126445,17.419869141945135,-26.24104790400343,179.82091570763515,59.98570343665371,-73.81209890717513,-1,1,-1,6,0
29,1,-17.570594737126445,17.419869141945135,-26.24104790400343,-0.17908429236487505,-59.98570343665371,106.18790109282487,-1,-1,1,7,1
30,0,-17.526056707663273,17.4665141943957,-26.28771503977093,-179.63052705054983,59.91092709083621,-74.10782438434293,-1,-2,-1,6,0
30,1,-17.526056707663273,17.4665141943957,-26.28771503977093,0.3694729494501808,-59.91092709083621,105.89217561565707,-1,0,1,7,1
31,0,-17.481247525889355,17.51386667566687,-26.336314000722254,-179.08093687946484,59.83772515598354,-74.40492288524311,-1,-2,-1,6,0
31,1,-17.481247525889355,17.51386667566687,-26.336314000722254,0.9190631205351707,-59.83772515598354,105.59507711475689,-1,0,1,7,1
32,0,-17.438831052986863,17.532556297104335,-26.343790199091544,-178.54694442445495,59.71328197720586,-74.6946527596249,-1,-2,-1,6,0
32,1,-17.438831052986863,17.532556297104335,-26.343790199091544,1.4530555755450745,-59.71328197720586,105.3053472403751,-1,0,1,7,1
33,0,-17.396076104050483,17.55183887817485,-26.35307135092579,-178.01127709989225,59.59029116070816,-74.9864356472992,-1,-2,-1,6,0
33,1,-17.396076104050483,17.55183887817485,-26.35307135092579,1.988722900107752,-59.59029116070816,105.01356435270081,-1,0,1,7,1
34,0,-17.358626350153983,17.54444066172043,-26.325442021167753,-177.50949776245457,59.41617310243329,-75.26092210963202,-1,-2,-1,6,0
34,1,-17.358626350153983,17.54444066172043,-26.325442021167753,2.4905022375454244,-59.41617310243329,104.73907789036798,-1,0,1,7,1
35,0,-17.320801151099573,17.537500695181304,-26.299467793843135,-177.00551263025767,59.24321300184802,-75.53802901962587,-1,-2,-1,6,0
35,1,-17.320801151099573,17.537500695181304,-26.299467793843135,2.9944873697423353,-59.24321300184802,104.46197098037415,-1,0,1,7,1
36,0,-17.29109440038036,17.506828251710264,-26.24208686069328,-176.55274474232823,59.02078971357473,-75.78843249978598,-1,-2,-1,6,0
36,1,-17.29109440038036,17.506828251710264,-26.24208686069328,3.447255257671775,-59.02078971357473,104.21156750021403,-1,0,1,7,1
37,0,-17.261011866530712,17.47647343876188,-26.186201919363842,-176.0974298103499,58.79909928530537,-76.04182870573842,-1,-2,-1,6,0
37,1,-17.261011866530712,17.47647343876188,-26.186201919363842,3.902570189650118,-58.79909928530537,103.95817129426158,-1,0,1,7,1
38,0,-17.241676910315498,17.42615610853685,-26.105466819652058,-175.7092188460718,58.53121927084101,-76.25984049106674,-1,-2,-1,6,0
38,1,-17.241676910315498,17.42615610853685,-26.105466819652058,4.290781153928225,-58.53121927084101,103.74015950893326,-1,0,1,7,1
39,0,-17.222003537386904,17.37602693785419,-26.026077198414242,-175.318375396207,58.26357461607196,-76.48094967557414,-1,-2,-1,6,0
39,1,-17.222003537386904,17.37602693785419,-26.026077198414242,4.68162460379301,-58.26357461607196,103.51905032442588,-1,0,1,7,1
40,0,-17.21542101882256,17.310422538553723,-25.929251545051613,-175.00859839535767,57.9546029582868,-76.65895328345253,-1,-2,-1,6,0
40,1,-17.21542101882256,17.310422538553723,-25.929251545051613,4.99140160464234,-57.9546029582868,103.34104671654747,-1,0,1,7,1
41,0,-17.208570758535,17.244905691219753,-25.833649570316013,-174.69640437611315,57.64536564958081,-76.83983878048154,-1,-2,-1,6,0
41,1,-17.208570758535,17.244905691219753,-25.833649570316013,5.3035956238868565,-57.64536564958081,103.16016121951847,-1,0,1,7,1
42,0,-17.216759732113445,17.168963363458133,-25.728581785801648,-174.47686897887678,57.30121222324897,-76.97098827793947,-1,-2,-1,6,0
42,1,-17.216759732113445,17.168963363458133,-25.728581785801648,5.523131021123222,-57.30121222324897,103.02901172206055,-1,0,1,7,1
43,0,-17.22477560608255,17.09305277790955,-25.624664404119958,-174.25545038430917,56.95635994927491,-77.10445942138547,-1,-2,-1,6,0
43,1,-17.22477560608255,17.09305277790955,-25.624664404119958,5.744549615690836,-56.95635994927491,102.89554057861453,-1,0,1,7,1
44,0,-17.249285093030252,17.01217232009923,-25.519570645312943,-174.1354709367773,56.58440711196979,-77.18291785931603,-1,-2,-1,6,0
44,1,-17.249285093030252,17.01217232009923,-25.519570645312943,5.864529063222714,-56.58440711196979,102.81708214068397,-1,0,1,7,1
45,0,-17.273726781837286,16.93132444228003,-25.4156189175253,-174.01444239858097,56.21145657427193,-77.26280621665182,-1,-2,-1,6,0
45,1,-17.273726781837286,16.93132444228003,-25.4156189175253,5.98555760141904,-56.21145657427193,102.73719378334819,-1,0,1,7,1
46,0,-17.315529966833445,16.8511315126937,-25.31874929336866,-174.0004429220968,55.82046363378889,-77.28387926652901,-1,-2,-1,6,0
46,1,-17.315529966833445,16.8511315126937,-25.31874929336866,5.999557077903199,-55.82046363378889,102.716120733471,-1,0,1,7,1
47,0,-17.357365951220704,16.77103448542597,-25.2230884499415,-173.98647220264172,55.428361185687606,-77.30521438342636,-1,-2,-1,6,0
47,1,-17.357365951220704,16.77103448542597,-25.2230884499415,6.013527797358269,-55.428361185687606,102.69478561657365,-1,0,1,7,1
48,0,-17.416767000188567,16.69724897340579,-25.14252131593848,-174.081578751572,55.028185858296055,-77.26565675251035,-1,-2,-1,6,0
48,1,-17.416767000188567,16.69724897340579,-25.14252131593848,5.918421248427995,-55.028185858296055,102.73434324748965,-1,0,1,7,1
49,0,-17.47628124317061,16.623683659691682,-25.063306669425902,-174.17793870856133,54.62700763008729,-77.225017043591,-1,-2,-1,6,0
49,1,-17.47628124317061,16.623683659691682,-25.063306669425902,5.822061291438693,-54.62700763008729,102.774982956409,-1,0,1,7,1
50,0,-17.55270916411086,16.56195904711935,-25.006707345495656,-174.38114150378226,54.229041097719666,-77.12356314323213,-1,-2,-1,6,0
50,1,-17.55270916411086,16.56195904711935,-25.006707345495656,5.618858496217746,-54.229041097719666,102.87643685676787,-1,0,1,7,1
51,0,-17.629296657222152,16.500629465375074,-24.95166787107071,-174.58682795755544,53.83040202164242,-77.01965467048925,-1,-2,-1,6,0
51,1,-17.629296657222152,16.500629465375074,-24.95166787107071,5.413172042444549,-53.83040202164242,102.98034532951077,-1,0,1,7,1
52,0,-17.701394186232314,16.463656682276405,-24.92840256466855,-174.82249391031002,53.52291234143392,-76.89512259399712,-1,-2,-1,6,0
52,1,-17.701394186232314,16.463656682276405,-24.92840256466855,5.177506089690002,-53.52291234143392,103.1048774060029,-1,0,1,7,1
53,0,-17.7735962968371,16.42705197356575,-24.906269199084875,-175.06035228959857,53.215286497009544,-76.76832916060603,-1,-2,-1,6,0
53,1,-17.7735962968371,16.42705197356575,-24.906269199084875,4.939647710401449,-53.215286497009544,103.23167083939397,-1,0,1,7,1
54,0,-17.853634352156902,16.399637759422628,-24.90000041546696,-175.347168576688,52.9139945717804,-76.61241450295311,-1,-2,-1,6,0
54,1,-17.853634352156902,16.399637759422628,-24.90000041546696,4.65283142331201,-52.9139945717804,103.38758549704689,-1,0,1,7,1
55,0,-17.861102612803172,16.397495345368807,-24.900004426254704,-175.37465719155023,52.88710602818456,-76.59735396473471,-1,-2,-1,6,0
55,1,-17.861102612803172,16.397495345368807,-24.900004426254704,4.625342808449774,-52.88710602818456,103.40264603526529,-1,0,1,7,1
56,0,-17.861102612803172,16.397495345368807,-24.900004426254704,-175.37465719155023,52.88710602818456,-76.59735396473471,-1,-2,-1,6,0
56,1,-17.861102612803172,16.397495345368807,-24.900004426254704,4.625342808449774,-52.88710602818456,103.40264603526529,-1,0,1,7,1
57,0,-17.861102612803172,16.397495345368807,-24.900004426254704,-175.37465719155023,52.88710602818456,-76.59735396473471,-1,-2,-1,6,0
57,1,-17.861102612803172,16.397495345368807,-24.900004426254704,4.625342808449774,-52.88710602818456,103.40264603526529,-1,0,1,7,1
58,0,-17.861102612803172,16.397495345368807,-24.900004426254704,-175.37465719155023,52.88710602818456,-76.59735396473471,-1,-2,-1,6,0
58,1,-17.861102612803172,16.397495345368807,-24.900004426254704,4.625342808449774,-52.88710602818456,103.40264603526529,-1,0,1,7,1
59,0,-17.861102612803172,16.397495345368807,-24.900004426254704,-175.37465719155023,52.88710602818456,-76.59735396473471,-1,-2,-1,6,0
59,1,-17.861102612803172,16.397495345368807,-24.900004426254704,4.625342808449774,-52.88710602818456,103.40264603526529,-1,0,1,7,1
60,0,-17.861102612803172,16.397495345368807,-24.900004426254704,-175.37465719155023,52.88710602818456,-76.59735396473471,-1,-2,-1,6,0
60,1,-17.861102612803172,16.397495345368807,-24.900004426254704,4.625342808449774,-52.88710602818456,103.40264603526529,-1,0,1,7,1
61,0,-17.861102612803172,16.397495345368807,-24.900004426254704,-175.37465719155023,52.88710602818456,-76.59735396473471,-1,-2,-1,6,0
61,1,-17.861102612803172,16.397495345368807,-24.900004426254704,4.625342808449774,-52.88710602818456,103.40264603526529,-1,0,1,7,1
62,0,-17.861102612803172,16.397495345368807,-24.900004426254704,-175.37465719155023,52.88710602818456,-76.59735396473471,-1,-2,-1,6,0
62,1,-17.861102612803172,16.397495345368807,-24.900004426254704,4.625342808449774,-52.88710602818456,103.40264603526529,-1,0,1,7,1
63,0,-17.861102612803172,16.397495345368807,-24.900004426254704,-175.37465719155023,52.88710602818456,-76.59735396473471,-1,-2,-1,6,0
63,1,-17.861102612803172,16.397495345368807,-24.900004426254704,4.625342808449774,-52.88710602818456,103.40264603526529,-1,0,1,7,1
