time_ms,j1_rad,j2_rad,j3_rad,j4_rad,j5_rad,j6_rad,x_m,y_m,z_m,qw,qx,qy,qz
0.0,-0.3072554862773928,0.3068995312195452,-0.47266516039989526,-0.055614923633552506,-0.9902732481734052,1.8560415284204734,0.899339139461517,-0.20808923244476302,1.4581419229507402,0.5398326051191411,-0.14734226823013372,0.1451130842637259,-0.8159737785116319
12.39424185824295,-0.30752973503050235,0.3056656783946983,-0.4703856989043199,-0.056839461049982935,-0.9932440230389447,1.8582108802982409,0.8982643765561718,-0.2080594336285309,1.457525344455939,0.5405663154127607,-0.147042927378729,0.14418608403494967,-0.8157063254135227
24.788483716487008,-0.3078033450745705,0.30443418582023596,-0.4681121368704931,-0.0580553063106969,-0.9962135785203918,1.8603710984509745,0.8971896136508265,-0.20802963481229877,1.4569087659611377,0.5412992002017107,-0.14674335030928162,0.14325883736383074,-0.8154375944964516
37.18272557472996,-0.3080763158106634,0.3032050202651535,-0.46584442008933336,-0.059262534760252145,-0.9991819078094846,1.8625222668113746,0.8961148507454813,-0.20799983599606667,1.4562921874663366,0.5420312560038951,-0.14644353840758512,0.14233134857139546,-0.8151675869337262
49.576967432972914,-0.3083486466608601,0.30197814879499696,-0.4635824948915461,-0.06046122077537013,-1.002149004081887,1.864664468297964,0.895040087840136,-0.20797003717983453,1.4556756089715355,0.542762479348637,-0.1461434930628123,0.14140362198233003,-0.8148963039166385
61.9712092912149,-0.3086203370682569,0.3007535387675311,-0.46132630813941955,-0.06165143778065119,-1.0051148604978,1.8667977848317387,0.8939653249347909,-0.20794023836360243,1.4550590304767343,0.5434928667767611,-0.14584321566748276,0.14047566192487976,-0.8146237466544373
74.36545114945896,-0.3088913864969735,0.29953115782849704,-0.4590758072187917,-0.06283325826397096,-1.0080794702025593,1.8689222973524748,0.8928905620294456,-0.20791043954737032,1.454442451981933,0.5442224148406755,-0.14554270761743068,0.13954747273074788,-0.8143499163743015
86.75969300770193,-0.3091617944321554,0.2983109739074713,-0.4568309400312016,-0.06400675379156388,-1.011042826327212,1.8710380858347146,0.8918157991241004,-0.20788064073113818,1.4538258734871319,0.5449511201044532,-0.14524197031177252,0.13861905873499478,-0.814074814321313
99.15393486594488,-0.3094315603799779,0.2970929552138041,-0.45459165498619614,-0.06517199502280281,-1.0140049219890874,1.8731452293034336,0.8907410362187551,-0.20785084191490608,1.4532092949923308,0.5456789791439127,-0.1449410051528741,0.13769042427593636,-0.8137984417584272
111.54817672418893,-0.30970068386764693,0.2958770702326523,-0.45235790099380907,-0.06632905172468037,-1.0169657502923464,1.8752438058493914,0.8896662733134099,-0.20782104309867394,1.4525927164975294,0.5464059885466986,-0.14463981354631833,0.13676157369504321,-0.8135207999664462
123.94241858243188,-0.3099691644434005,0.2946632877210983,-0.4501296274572029,-0.0674779927860024,-1.019925304328518,1.8773338926441892,0.8885915104080646,-0.20779124428244183,1.4519761380027283,0.5471321449123617,-0.14433839690087213,0.13583251133683852,-0.8132418902439865
136.33666044067482,-0.3102370016765079,0.293451576704348,-0.44790678426546005,-0.0686188862312945,-1.0228835771770268,1.8794155659550182,0.8875167475027194,-0.2077614454662097,1.4513595595079272,0.5478574448524383,-0.14403675662845353,0.13490324154879704,-0.812961713907451
148.7309022989189,-0.3105041951572694,0.29224190647201154,-0.4456893217865285,-0.06975179923443624,-1.0258405619057027,1.88148890115913,0.8864419845973741,-0.2077316466499776,1.4507429810131258,0.548581884990529,-0.14373489414409862,0.13397376868124303,-0.8126802722909962
161.12514415716086,-0.31077074449701325,0.2910342465744667,-0.4434771908603221,-0.07087679813202256,-1.0287962515712785,1.8835539727580186,0.885367221692029,-0.20770184783374548,1.4501264025183247,0.5493054619623783,-0.14343281086592835,0.1330440970872484,-0.8123975667465011
173.51938601540382,-0.31103664932809305,0.2898285668192946,-0.44127034279195865,-0.07199394843646222,-1.0317506392198754,1.8856108543913266,0.8842924587866837,-0.20767204901751335,1.4495098240235236,0.5500281724159516,-0.14313050821511525,0.1321142311225311,-0.8121135986435354
185.91362787364676,-0.31130190930388396,0.2886248372677918,-0.43906872934513885,-0.07310331484881974,-1.034703717887482,1.8876596188504855,0.8832176958813385,-0.20764225020128124,1.4488932455287225,0.5507500130115135,-0.14282798761584992,0.13118417514535266,-0.8118283693693253
198.30786973189083,-0.31156652409877716,0.2874230282315584,-0.43687230273567035,-0.07420496127140441,-1.0376554806004095,1.889700338092089,0.8821429329759932,-0.2076124513850491,1.448276667033921,0.5514709804217043,-0.14252525049530765,0.13025393351641654,-0.8115418803287202
210.70211159013377,-0.31183049340817426,0.28622311026915426,-0.4346810156251199,-0.07529895082011524,-1.0406059203757472,1.891733083251015,0.881068170070648,-0.207582652568817,1.44766008853912,0.5521910713316178,-0.14222229828361463,0.12932351059876548,-0.811254132944158
210.70211159013377,-0.31183049340817426,0.28622311026915426,-0.4346810156251199,-0.07529895082011524,-1.0406059203757472,1.891733083251015,0.881068170070648,-0.207582652568817,1.44766008853912,0.5521910713316178,-0.14222229828361463,0.12932351059876548,-0.811254132944158
210.70211159013377,-0.31183049340817426,0.28622311026915426,-0.4346810156251199,-0.07529895082011524,-1.0406059203757472,1.891733083251015,0.881068170070648,-0.207582652568817,1.44766008853912,0.5521910713316178,-0.14222229828361463,0.12932351059876548,-0.811254132944158
212.0316435629289,-0.3117959385981231,0.286560034243444,-0.43515022253236024,-0.07456610317954547,-1.0408383962426848,1.8913487750365854,0.881139159202576,-0.20768478512764,1.4477070569992099,0.5521778410987627,-0.1418682472117133,0.12936128550999734,-0.8113191049419377
222.2666238882994,-0.31148870167005194,0.28907632220647705,-0.43863127016631875,-0.06864367858350669,-1.0425357295079305,1.8882356499751924,0.881683826446533,-0.20847283303737602,1.4480674266815199,0.5520582793753593,-0.13909339901284204,0.129780903425929,-0.8118137715203666
231.5983526348061,-0.3111246132707691,0.29117036761780535,-0.4414762806728789,-0.06270402779318558,-1.043807166132074,1.8850981662288386,0.882180690765381,-0.209191136062145,1.4483960270881648,0.5519099606056509,-0.13650688911739803,0.13045891020610492,-0.8122448752412014
240.93008138131358,-0.3107610451216505,0.29327333863213034,-0.4443437244017315,-0.05677497159553741,-1.04508273208605,1.8819695219052972,0.882677555084229,-0.209909439086914,1.44872462749481,0.5517575811167332,-0.13391937486220987,0.13113595712499826,-0.8126700028090351
252.5239505628929,-0.310183560786589,0.2954928955574316,-0.4472719982196572,-0.048594491688369816,-1.0461077601904152,1.8776262825567178,0.8832948207855225,-0.21080188453197501,1.4491329193115199,0.5514959680119677,-0.1306805898406826,0.13249865467722918,-0.8131536676509296
264.1178197444728,-0.3096059574075131,0.2977263936422343,-0.45023478983685544,-0.0404258574763769,-1.0471464722080985,1.8732914048057205,0.883912086486816,-0.211694329977036,1.44954121112823,0.5512273790092619,-0.12744015183434604,0.13385967624786488,-0.8136270468745708
276.1180076971388,-0.30890246438212177,0.29954758325307285,-0.4525322667783113,-0.03128960783534896,-1.047484459099486,1.868416579453003,0.884551018476486,-0.21261803060770051,1.44996380805969,0.5508640185512287,-0.12417760312481273,0.13584567894856903,-0.8140483446692649
288.1181956498046,-0.3081973862912129,0.30138344801353123,-0.45486620253284515,-0.02215770197865112,-1.0478442056233743,1.8635415631520376,0.885189950466156,-0.213541731238365,1.45038640499115,0.5504924513466822,-0.1209132044231268,0.13782965782666995,-0.814457514809603
300.11818709053153,-0.3074326644685035,0.3027018515496218,-0.4564117510339378,-0.012644835039362817,-1.0473829909685348,1.858440837835249,0.8858288526535034,-0.2144654542207715,1.4508089423179649,0.5500382358878357,-0.11786923663313909,0.14034624853719935,-0.8147807758154664
312.11817853125916,-0.306664729696444,0.30403407179350206,-0.4579926850984168,-0.0031256105403712118,-1.046948029094485,1.8533284998518789,0.8864677548408509,-0.21538917720317802,1.4512314796447798,0.5495752694427252,-0.11482339356975504,0.14286060637006132,-0.8150910738400093
324.11765498360364,-0.3058873944399614,0.3048481815385299,-0.4588071802700348,0.006448519464960227,-1.0456429356573598,1.8481671165932694,0.887106567621231,-0.21631284058094002,1.45165413618088,0.5490384396407141,-0.11211869974748329,0.14583253476787061,-0.8153030484224878
336.1171314359479,-0.3051053266828819,0.3056746382457007,-0.4596553921516836,0.016040677486992238,-1.0443653208753503,1.8429817695498218,0.887745380401611,-0.217236503958702,1.45207679271698,0.5484925612204381,-0.10941215811412744,0.14880205972205482,-0.8155015861205466
348.1175989201022,-0.3043650195736505,0.30600083367573583,-0.4597858764287599,0.025360604007722748,-1.0421933776740318,1.83792502930047,0.8883843719959255,-0.2181602269411085,1.452499330043795,0.5478852841517158,-0.10715467719398959,0.15213709613156845,-0.8155941972243914
360.1180664042571,-0.3036188049431886,0.306337378203699,-0.45994786308664504,0.034709762516690564,-1.0400467829764308,1.8328324572095769,0.88902336359024,-0.21908394992351501,1.45292186737061,0.547268914351307,-0.10489541792944852,0.15546960766619547,-0.8156732726859862
372.117994363131,-0.3029651834336331,0.3062082549677942,-0.459465640312248,0.043467464073453595,-1.037007849572355,1.8280417646897176,0.8896622359752655,-0.22000765800476052,1.453344464302065,0.5466058855749807,-0.10317599411073035,0.15906162899566179,-0.8156446029217015
384.11792232200463,-0.3023050091699114,0.3060871297017082,-0.459012304524772,0.05226366401138857,-1.0339891263425613,1.8232053367302976,0.890301108360291,-0.220931366086006,1.45376706123352,0.5459339474153649,-0.10145488857854723,0.1626510577057349,-0.8156026385870743
396.1179515993315,-0.30178652855979193,0.30555179457350673,-0.45801081831344026,0.06016595440305799,-1.03010710762908,1.8188349715430514,0.8909400105476379,-0.221855066716671,1.45418965816498,0.5452309112228376,-0.100344234413613,0.16638454959825824,-0.8154572151388721
408.117980876659,-0.30126148929677293,0.3050220031437304,-0.4570354420849577,0.0681126990995741,-1.0262378797356233,1.8144123734371194,0.891578912734985,-0.22277876734733598,1.45461225509644,0.544519321490165,-0.09923200605613074,0.17011543126290335,-0.8152989988612783
420.1178002612801,-0.3009240306500885,0.3041438000604904,-0.45562634877306113,0.07488825861856915,-1.0215624914829302,1.810607349974989,0.8922178149223325,-0.2237024679780005,1.45503479242325,0.5437919592186667,-0.09877806191873229,0.173869791176793,-0.8150475417353525
432.1176196458998,-0.30058066551751184,0.3032688809807837,-0.45424073849055,0.08170976367856303,-1.0168912110318469,1.8067482666989356,0.89285671710968,-0.22462616860866502,1.45545732975006,0.543056497943448,-0.09832264662333413,0.17762156154874156,-0.8147839456416451
444.11737555056834,-0.30046577889549037,0.3021238682091975,-0.45255081203897746,0.08711639229033712,-1.0114986383081506,1.8036415176610285,0.893495589494705,-0.22554985433816901,1.4558799266815199,0.5423192692667292,-0.09854903869314506,0.18127584599823868,-0.8144427326781672
456.11713145523686,-0.30034621929885386,0.3009803835076933,-0.45088224280843275,0.09256520583118846,-1.006101429101225,1.8004844701687661,0.89413446187973,-0.226473540067673,1.4563025236129798,0.541574412880001,-0.0987740446726371,0.18492758080647578,-0.8140900645934419
468.1167860456115,-0.3004891438501565,0.2996549398466243,-0.4490484640308812,0.0963968213376367,-1.0000948186797145,1.7981954796257893,0.8947733044624325,-0.227397233247757,1.456725120544435,0.5408403051256033,-0.09967959958332151,0.1883653693943194,-0.8136794389632164
480.11644063598584,-0.3006290472433423,0.2983300501916847,-0.4472347635704841,0.10026130483798,-0.9940760110658777,1.7958659687162548,0.895412147045135,-0.228320926427841,1.45714771747589,0.5400989793447933,-0.10058382417528568,0.19180064406779943,-0.8132579540097749
492.11711800149567,-0.3010568184885543,0.2969184199023742,-0.4454005314560049,0.10235534123213506,-0.9875842093927685,1.7944966106483948,0.8960511386394501,-0.2292446494102475,1.45757031440735,0.5393787219926486,-0.10214298112989778,0.1949144796273493,-0.8128011757490722
504.1177953670049,-0.3014834064329849,0.29550735824117913,-0.4435862315429736,0.10446768771253666,-0.9810749945628576,1.7931022957788758,0.896690130233765,-0.230168372392654,1.45799291133881,0.5386515312725942,-0.10370082510192699,0.19802580968613873,-0.8123339494499895
516.117996697395,-0.3022130096489881,0.29410772758307774,-0.4418955376562708,0.10471202467074076,-0.9742508803993744,1.7927345016750817,0.8973290324211121,-0.23109209537506098,1.458415508270265,0.5379541908878532,-0.10586478549353405,0.2007210821859659,-0.8118552721173262
528.1181980277847,-0.30294318532235875,0.29270977073619614,-0.4402259409732321,0.10495585972410416,-0.9674074016748768,1.7923621336389253,0.897967934608459,-0.23201581835746798,1.45883810520172,0.5372500385860703,-0.10802740535810622,0.20341381302818817,-0.8113663145584703
540.1184494747949,-0.3039799292059864,0.29142197061117414,-0.438819779215984,0.10329593730506179,-0.960423024626648,1.7930525445426981,0.8986068964004514,-0.232939533889294,1.459260642528535,0.5365831300288888,-0.11072652823065963,0.20561243963913026,-0.8108894531192464
552.1187009218056,-0.30501864869785494,0.2901380136716004,-0.437437222818536,0.10161413878851835,-0.9534211436570879,1.7937618412703928,0.899245858192444,-0.23386324942112,1.45968317985535,0.5359093578291736,-0.11342423475732695,0.207808436181762,-0.8104022192791231
564.0960452115828,-0.30635256755871615,0.2890607159526953,-0.4364493782615504,0.09806758096265702,-0.9464753173545282,1.7955325458706453,0.8998834788799285,-0.234785243868828,1.460105001926425,0.5352806817146449,-0.1165643892434004,0.20944875521039563,-0.8099497230595452
576.0733895013603,-0.3076892714793567,0.2879903128223867,-0.4354887582142679,0.09447767511756361,-0.939517752949872,1.7973460908407277,0.900521099567413,-0.235707238316536,1.4605268239975,0.5346449660151031,-0.11970301076750528,0.2110863197358899,-0.8094865750265791
585.5782469476062,-0.3089476107431362,0.2873450160236892,-0.4350827020160648,0.09036452830714738,-0.9341510456143294,1.799519585599861,0.9010272324085236,-0.2364388406276705,1.460861504077915,0.5341759430366307,-0.12244439814773753,0.21196774977346106,-0.8091557972968741
595.083104393852,-0.31020777530007876,0.28670614333495487,-0.43469640191208214,0.08621311643510463,-0.9287819617648961,1.8017325484824431,0.901533365249634,-0.237170442938805,1.46119618415833,0.5337023146495069,-0.12518472987112506,0.21284735232680843,-0.808818043414166
604.6909536159541,-0.31160470289230274,0.2862276750363106,-0.4345869909978544,0.08120722787704862,-0.9235234256599749,1.8044537726106062,0.902044832706451,-0.23791001737117798,1.46153461933136,0.5332485448979066,-0.1280843916338036,0.21344685600879942,-0.8085052984637903
605.5597978388072,-0.31173504862997725,0.2861902828571304,-0.43458706099930616,0.08072746104088994,-0.9230541320431616,1.8047166285896399,0.902091026306152,-0.237976923584938,1.4615652561187702,0.5332083056692923,-0.1283505100054007,0.21349140804116712,-0.8084778710881553
605.5597978388072,-0.31173504862997725,0.2861902828571304,-0.43458706099930616,0.08072746104088994,-0.9230541320431616,1.8047166285896399,0.902091026306152,-0.237976923584938,1.4615652561187702,0.5332083056692923,-0.1283505100054007,0.21349140804116712,-0.8084778710881553
605.5597978388072,-0.31173504862997725,0.2861902828571304,-0.43458706099930616,0.08072746104088994,-0.9230541320431616,1.8047166285896399,0.902091026306152,-0.237976923584938,1.4615652561187702,0.5332083056692923,-0.1283505100054007,0.21349140804116712,-0.8084778710881553
605.5597978388072,-0.31173504862997725,0.2861902828571304,-0.43458706099930616,0.08072746104088994,-0.9230541320431616,1.8047166285896399,0.902091026306152,-0.237976923584938,1.4615652561187702,0.5332083056692923,-0.1283505100054007,0.21349140804116712,-0.8084778710881553
605.5597978388072,-0.31173504862997725,0.2861902828571304,-0.43458706099930616,0.08072746104088994,-0.9230541320431616,1.8047166285896399,0.902091026306152,-0.237976923584938,1.4615652561187702,0.5332083056692923,-0.1283505100054007,0.21349140804116712,-0.8084778710881553
605.5597978388072,-0.31173504862997725,0.2861902828571304,-0.43458706099930616,0.08072746104088994,-0.9230541320431616,1.8047166285896399,0.902091026306152,-0.237976923584938,1.4615652561187702,0.5332083056692923,-0.1283505100054007,0.21349140804116712,-0.8084778710881553
605.5597978388072,-0.31173504862997725,0.2861902828571304,-0.43458706099930616,0.08072746104088994,-0.9230541320431616,1.8047166285896399,0.902091026306152,-0.237976923584938,1.4615652561187702,0.5332083056692923,-0.1283505100054007,0.21349140804116712,-0.8084778710881553
605.5597978388072,-0.31173504862997725,0.2861902828571304,-0.43458706099930616,0.08072746104088994,-0.9230541320431616,1.8047166285896399,0.902091026306152,-0.237976923584938,1.4615652561187702,0.5332083056692923,-0.1283505100054007,0.21349140804116712,-0.8084778710881553
605.5597978388072,-0.31173504862997725,0.2861902828571304,-0.43458706099930616,0.08072746104088994,-0.9230541320431616,1.8047166285896399,0.902091026306152,-0.237976923584938,1.4615652561187702,0.5332083056692923,-0.1283505100054007,0.21349140804116712,-0.8084778710881553
