-594.007737845367,-792.5796103972452,578.6482277970347,0.0026851172635231867,0.9478166466544828,0.31877393731303194,-0.004423952969853731
-594.2769788294164,-792.0448566005527,578.6457945033247,0.0026805000209166275,0.9474835343832921,0.31976267896355054,-0.0044267521091895185
-594.5996838065603,-791.6135087527248,578.6445360980046,0.0026750141482259097,0.9470866885915304,0.3209361666720209,-0.004430069288977218
-594.9759854113804,-791.274799328984,578.6443682855182,0.0026686299536448294,0.9466234043714468,0.3223000916562298,-0.004433917993023494
-595.3997227659509,-791.0255232987931,578.6452245894187,0.0026613212965005436,0.9460911189281224,0.323859249475347,-0.004438308636760242
-595.8794537433319,-790.8736240529558,578.817234076089,0.0026530596208835184,0.945486970944573,0.3256188055985987,-0.004443252102501646
-596.4186372099506,-790.8245011174847,578.8704470134752,0.0026438178916104336,0.9448080784594816,0.3275834453434789,-0.004448757304500714
-597.003235168265,-790.8810375375618,578.9448000093604,0.0026335765446213327,0.944051973756709,0.32975610628381635,-0.004454827626515784
-597.6482238183423,-791.0441473382186,579.0203991842344,0.0026223155298180137,0.9432160189610709,0.3321396699592363,-0.004461465662808934
-598.3534152266661,-791.3148905525946,579.1072522051777,0.0026100283083558174,0.9422984484547655,0.3347340030907279,-0.004468664993924826
-599.1117479334214,-791.6899359598168,579.2152861220391,0.0025966898745476085,0.941295986260841,0.3375427158666475,-0.004476428966684249
-599.9236106958577,-792.1833425985706,579.3146131423763,0.0025823068532104766,0.9402076012860766,0.34056260110188824,-0.00448474145455567
-600.7867422133597,-792.781737743413,579.4251134537476,0.002566875361251177,0.939031367258991,0.34379253931566334,-0.004493591601174891
-601.7008625394681,-793.4991022340955,579.5468957886759,0.002550401141084013,0.9377659887878178,0.34722927448331337,-0.004502962204805327
-602.6635076210266,-794.3218836706917,579.6798364887217,0.0025328838813002625,0.9364096147137018,0.35087070589768315,-0.004512838778662186
-603.6724768655026,-795.2613239140229,579.8140092632998,0.002514356852983925,0.9349629311351909,0.35470767709269296,-0.004523187395432634
-604.7171834303668,-796.2959963797871,579.969175016515,0.002494829534133964,0.9334247427486182,0.35873593130613185,-0.004533987229135168
-605.8098729883752,-797.4503398291732,580.125607745429,0.002474337271905279,0.9317958648520376,0.3629458431089206,-0.004545202928715971
-606.9316074714047,-798.6939340074482,580.2929409288517,0.0024529112831455082,0.9300768090829155,0.3673286648106079,-0.0045568016014925815
-608.0864171900351,-800.0437803252382,580.4613354285946,0.0024305934992995505,0.9282689881169451,0.3718735060282523,-0.004568744886674091
-609.2623733179659,-801.487887620238,580.6506178341878,0.0024074345836181607,0.9263746066440574,0.3765677986106484,-0.0045809904304579315
-610.4697788248667,-803.0220400881526,580.8308219566646,0.0023834784335659775,0.924395423041844,0.38140047279033656,-0.004593500316215703
-611.6822113043423,-804.6467403371294,581.0317770185095,0.0023587891971261587,0.9223349995883494,0.3863565287655448,-0.004606227102723966
-612.9092711740155,-806.3268332000298,581.2332679188073,0.0023334346313771603,0.92019738987789,0.39142046758865345,-0.004619123014105343
-614.1460861828796,-808.0989734140261,581.4355521090215,0.002307471708209846,0.9179859342126223,0.39657917667621023,-0.004632147332950349
-615.3816249376023,-809.9203324416388,581.6382171459455,0.0022809701635424693,0.9157052592258811,0.40181724329782514,-0.004645254536769426
-616.6100923050392,-811.811044414073,581.8513841638566,0.002254004780354702,0.9133606679907311,0.4071185441034677,-0.004658398549768583
-617.8272038726477,-813.7317351994514,582.0647125451611,0.0022266789585526476,0.9109602505643122,0.41246168388979754,-0.004671521744987044
-619.0497231851969,-815.7335361769954,582.268718140548,0.0021987178905796653,0.9084787300342166,0.41789904984436,-0.004684746976731272
-620.2793615462585,-817.809125964648,582.4833555249465,0.0021700591534074306,0.9059089595447546,0.4234408763947358,-0.004698090874925742
-621.5069170286818,-819.983521283615,582.6887601121829,0.002140663820910042,0.9032456820005124,0.4290925969214934,-0.004711557386278417
-622.7276279296645,-822.2416649080985,582.8847810032573,0.0021104681510858104,0.9004811875465879,0.43486417380613074,-0.004725160185813846
-623.9534443300081,-824.6043792435221,583.0816632205745,0.002079422980435475,0.8976088509386762,0.4407624864957897,-0.004738904374091625
-625.1858395126284,-827.0648770175478,583.269362368688,0.002047464712029652,0.8946204665061586,0.44679686625322806,-0.004752799475187359
-626.4082776109268,-829.6423474475456,583.4579204160175,0.002014527571593792,0.8915073311523599,0.45297670722344885,-0.0047668536018674115
-627.6276482339289,-832.3375169315827,583.6373885591676,0.001980549363322067,0.8882607742337871,0.4593103697316173,-0.0047810708860873885
-628.8482069191464,-835.1655608103176,583.7979147173992,0.0019454670451842545,0.884871733885913,0.4658060039921552,-0.004795453323143698
-630.0566949120481,-838.1175432612624,583.959340773923,0.0019092104294614388,0.8813301208476483,0.4724726837311037,-0.004810003132471284
-631.2623461106494,-841.2183186429255,584.1119244466336,0.0018717039233344804,0.8776249377834324,0.4793200260431735,-0.004824721652253342
-632.4484690925182,-844.4731743943721,584.2455956187393,0.0018328719404821154,0.8737447758434146,0.4863571583432724,-0.0048396069104981254
-633.6197063035124,-847.8831610223536,584.3803946587481,0.0017926515344561821,0.8696790805340846,0.49359043311919154,-0.004854648810610279
-634.764275888763,-851.4637334533808,584.496364117915,0.001750946692123374,0.8654135061745988,0.5010316178805377,-0.004869846022174633
-635.894701853601,-855.2121789218521,584.603566664935,0.0017076866822316348,0.8609357697369033,0.5086873491378843,-0.004885183803469077
-636.9797210285479,-859.1520862862507,584.7019802379815,0.001662784890661982,0.8562314451684232,0.5165664827398263,-0.0049006490392328765
-638.0354035878967,-863.2916646494896,584.7917770414103,0.0016161524236968652,0.8512852901298062,0.5246775901389475,-0.0049162247651756774
-639.0367025145614,-867.6254069442095,584.872746329041,0.0015677107522159128,0.8460825697454474,0.5330267385022461,-0.004931885805220405
-639.9937259027959,-872.1752570845034,584.9351286294853,0.0015173739195842894,0.8406071515450849,0.5416205641929231,-0.004947604570548591
-640.8841390705214,-876.9449948578225,584.9988058391901,0.0014650508469006096,0.8348416811449161,0.5504657902254526,-0.0049633497372584675
-641.6850108724408,-881.9359924490626,585.0536352201435,0.0014106617543200076,0.8287693588405062,0.5595664112797498,-0.0049790810410402725
-642.4114100886713,-887.165276037711,585.1098525794289,0.0013541282787232264,0.8223728650738426,0.5689253813775944,-0.004994752366545309
-643.0382866236008,-892.6338319258699,585.1472974474286,0.001295370631175146,0.8156340117586929,0.5785450523924841,-0.0050103123182329455
-643.5457531630868,-898.3571888525548,585.185961000755,0.0012343319660153911,0.8085365514062689,0.588423201297722,-0.005025697881490736
-643.9321622446624,-904.3133413161572,585.2256581597641,0.0011709485702736757,0.8010627925381527,0.5985579514102024,-0.005040842592674554
-644.1593735822042,-910.530676104093,585.26635891617,0.00110517452671477,0.7931964853801867,0.6089438023052052,-0.005055670466303027
-644.2370021353676,-916.989357089541,585.2979699892201,0.001036982631423075,0.7849230584063693,0.6195716352185541,-0.0050700968058287384
-644.1189636285501,-923.6920989676044,585.340206329074,0.0009663594535105319,0.7762291488863904,0.6304296369972717,-0.005084030291506799
-643.8093596993142,-930.6359442647574,585.3730708451723,0.0008933188500299835,0.7671044122134534,0.6415013948138022,-0.005097371482492619
-643.2884993138573,-937.8009516028478,585.4162754235673,0.0008178889513519357,0.7575401030380556,0.6527681143212296,-0.005110016855315091
-642.5197009273916,-945.1747822233306,585.4694776167224,0.0007401343747327487,0.7475320895124363,0.664205535910815,-0.005121856665867063
-641.4977499105161,-952.7461575168747,585.5225528591233,0.0006601501475303616,0.7370804134453177,0.6757852343020535,-0.005132778621863945
-640.207194511459,-960.4916628051935,585.5752127843381,0.0005780625852351116,0.7261897263989084,0.6874748723103126,-0.005142670341942909
-638.6639800134684,-968.2220376186049,585.6360671360931,0.0004954717817697632,0.7150654056318573,0.6990383998422041,-0.005151283559640042
-636.9318444073342,-975.6493232640862,585.713263866058,0.00041515704395634495,0.7040879260282777,0.7100939453386433,-0.005158377577029556
-635.0415019839606,-982.737802729513,585.7867243565264,0.000337462571946371,0.6933193333560388,0.720611907187315,-0.005164042371135546
-633.0169595826886,-989.4862106037003,585.8665993700781,0.00026241326455213527,0.6827784577911096,0.7306071422876975,-0.005168399546952131
-630.87994456913,-995.9056613443595,585.9531218548739,0.00019001815371121037,0.6724813536333928,0.7400959720203871,-0.005171567238237174
-628.6526869215068,-1001.9811414709292,586.0463214182519,0.00012025493906305658,0.6624389483058037,0.7490980300020168,-0.00517365957016683
-626.3511925177884,-1007.7409858382617,586.1465290482878,5.307002729379079e-05,0.6526568218257015,0.7576359889219734,-0.005174784842923514
-624.0029433906108,-1013.1859025580028,586.2439332443347,-1.159196162832096e-05,0.6431393715007289,0.7657316550927284,-0.005175043982882995
-621.6122434856596,-1018.3254358939009,586.3586393088161,-7.380618170608897e-05,0.6338871663937844,0.7734082227819022,-0.005174530630491027
-619.1993031856508,-1023.1832037481632,586.4809684424357,-0.00013365433935189587,0.624898852154318,0.7806885700211178,-0.00517333075647791
-616.7761942080675,-1027.763206295306,586.6010323291345,-0.00019123454773156118,0.6161696631786776,0.7875964480390175,-0.005171522401198877
-614.3393514912765,-1032.0860144112673,586.7289704432025,-0.00024664533380060666,0.6076938270202467,0.7941545387308999,-0.005169176015349282
-611.908400234618,-1036.1569403312456,586.8649558007369,-0.00029997971464641065,0.5994655400931639,0.8003838360600575,-0.005166355269350778
-609.4957386061672,-1040.0022758066634,587.0092791467854,-0.00035134248783052656,0.5914763579755078,0.806305734037301,-0.005163116602846865
-607.0900959605456,-1043.6193168357083,587.1418427912282,-0.00040082941012284764,0.5837184508809334,0.8119396460861886,-0.005159510672760398
-604.7103530809802,-1047.037064421091,587.2830032522915,-0.0004485495872440707,0.5761811575794473,0.8173056297590332,-0.0051555812345584345
-602.3531764893285,-1050.2546556529555,587.4327314537479,-0.0004945952682147743,0.5688557764474373,0.8224210140723454,-0.00515136779108301
-600.0169317359112,-1053.293602689801,587.5711855955012,-0.0005390659529565209,0.5617318273595534,0.8273031928602105,-0.005146904166264509
-597.7117085189219,-1056.1685214674926,587.7185497194085,-0.0005820540181537001,0.5547993752540463,0.8319680715046232,-0.0051422201156989585
-595.432271438628,-1058.8777583498638,587.864775263552,-0.0006236555870120186,0.5480473326473693,0.8364313121610798,-0.005137340587029109
-593.1752007686304,-1061.4400686319755,587.9999872380945,-0.0006639521137110483,0.5414664886645753,0.8407064056129567,-0.005132288202064118
-590.9626113134348,-1063.8635581851158,588.1443984478892,-0.0007030206749455182,0.535047913854572,0.8448058644832388,-0.005127082652829682
-588.7619095912906,-1066.1548298337602,588.2778425055518,-0.0007409518680477999,0.5287800384629777,0.8487431235117571,-0.005121738467315991
-586.5987542521865,-1068.3353816818212,588.4106612789,-0.000777824052519239,0.5226529034767108,0.8525298594611018,-0.005116268595536246
-584.4662964889886,-1070.384627842292,588.5326456658668,-0.0008135815661528754,0.5166786395666916,0.8561637706659366,-0.005110704416571567
-582.3734929501982,-1072.3155679801405,588.6639593594266,-0.0008481984083097101,0.5108645052135908,0.8596456689231179,-0.0051050733646529275
-580.317126616491,-1074.1220659300586,588.7845312731557,-0.0008816339323543603,0.5052202461389711,0.8629749252884925,-0.005099405475902979
-578.3238104680621,-1075.8052775671313,588.9045487192975,-0.0009138659729406111,0.4997525148159686,0.8661527825508135,-0.005093727866881898
-576.3755919036444,-1077.3643037530398,589.0138842217066,-0.0009448711010058503,0.4944681595070809,0.8691803368801447,-0.005088067727618403
-574.4898845807119,-1078.796193363422,589.1226312002066,-0.0009746333798389877,0.48937271991180914,0.8720593785927194,-0.005082450626740168
-572.6730139068857,-1080.1163481728302,589.2309537166858,-0.001003145351921627,0.48447022249090765,0.8747924452720269,-0.005076900038533941
-570.9168736293755,-1081.3063993710855,589.3286518151366,-0.0010303882425702717,0.4797665702909577,0.8773809074835476,-0.005071441083944567
-569.2358817395661,-1082.386560197015,589.4259821713675,-0.0010563507800578759,0.4752663089371434,0.8798267752089985,-0.005066096882987831
-567.6149379373122,-1083.3481173489106,589.5227750659342,-0.0010810361900523337,0.4709713768571328,0.8821333124685286,-0.005060886814990533
-566.0784885840632,-1084.1953521643936,589.6092270035635,-0.0011044392364378411,0.46688507259944856,0.8843028597540604,-0.005055831145456155
-564.6143896608306,-1084.9325464436017,589.6952913356266,-0.0011265564867666096,0.46301027741219475,0.8863378034339302,-0.005050948928713492
-563.2294796532261,-1085.553724373937,589.7709658969561,-0.0011473935031855826,0.45934818167426983,0.8882412210531234,-0.00504625631009716
-561.9275055852114,-1086.0742982593465,589.8463981585586,-0.0011669478796243946,0.4559012540164671,0.8900153174926904,-0.005041770249087916
-560.6985284126005,-1086.4767153997757,589.921382922989,-0.0011852280788648667,0.45266992648163157,0.8916631406784268,-0.005037504243116643
-559.5681525852025,-1086.7799118906278,589.9862403571905,-0.0012022294502502797,0.4496568239031532,0.8931864080373874,-0.0050334738449006365
-558.513809419306,-1086.9827277519043,590.050811182053,-0.0012179679033190378,0.4468608030933153,0.8945885319207926,-0.005029688736376489
-557.542048089016,-1087.0783675413784,590.1150853529962,-0.0012324432929838132,0.4442834372859678,0.8958713334730425,-0.005026161371059141
-556.6549343330628,-1087.0824346612073,590.1691995594737,-0.0012456598051531534,0.4419254073028205,0.8970368739163613,-0.005022902173860616
-555.8567675639628,-1086.9740953048984,590.2230182200249,-0.00125761836369932,0.4397878519432087,0.8980867798094904,-0.005019921378829964
-555.1247855959376,-1086.7978545317476,590.2667409443802,-0.0012685004762525744,0.4378394296315756,0.8990382932029638,-0.005017182589870025
-554.4241828134917,-1086.5888626038472,590.3004134872382,-0.0012790833380070415,0.43594158643546027,0.8999600835601188,-0.005014495030686604
-553.7286284517025,-1086.3632213706228,590.3439885511934,-0.0012894545491144755,0.4340788231256161,0.9008600302484742,-0.005011838142250393
-553.0532855418433,-1086.118617387698,590.3675474359196,-0.001299600195754776,0.43225381430269677,0.9017371339842735,-0.005009216897833637
-552.3979631272333,-1085.8551110111962,590.3910904156231,-0.0013095206341439064,0.43046667359678803,0.9025916361832289,-0.005006632631529822
-551.7552849522517,-1085.5661214852678,590.4145161965886,-0.0013192098533999282,0.4287186602342453,0.903423228145234,-0.005004088324664187
-551.1271877682183,-1085.2655355465106,590.4179464912946,-0.0013286618335550326,0.4270110376028315,0.9042316033797729,-0.005001586981189277
-550.5201874369266,-1084.9451669524624,590.4213611016323,-0.0013378705458162443,0.42534507284013906,0.9050164571962318,-0.0049991316246909565
-549.9264099421555,-1084.5989353331927,590.4246593700085,-0.0013468379960339322,0.4237205783809994,0.9057781683402802,-0.004996723127289242
-549.362066435251,-1084.2389805528771,590.418045001972,-0.001355551788284292,0.4221399745669865,0.9065158910123892,-0.0049943662208159255
-548.7972659679978,-1083.8543729035102,590.3912314861137,-0.001364018651978609,0.4206022130539243,0.907230399159741,-0.004992060467923275
-548.2684181325293,-1083.448161760654,590.3744875743282,-0.001372226173026031,0.41910971811649816,0.9079208462006537,-0.004989810610475133
-547.7546865491904,-1083.029921481413,590.337748325735,-0.0013801793806529482,0.4176617425490571,0.9085878535377231,-0.004987616612728802
-547.2483738975906,-1082.5928623928503,590.3009097222039,-0.001387875611587161,0.41625893291802973,0.9092313894445929,-0.004985480506943083
-546.770051322609,-1082.1287405803175,590.2440427810001,-0.001395316484416122,0.41490115134261285,0.9098517755107015,-0.0049834031049740025
-546.305604380014,-1081.6383633269834,590.187060750663,-0.001402499331598585,0.4135890371120666,0.9104489701054724,-0.004981386375620085
-545.8638588695925,-1081.1421631634248,590.1201836445179,-0.001409418084194753,0.41232384890679113,0.9110226464847576,-0.004979433227014164
-545.4359770841603,-1080.6197843946693,590.0431914419477,-0.0014160759993536158,0.4111051367751078,0.9115732473600361,-0.004977543908636322
-545.0287920244208,-1080.0785369255475,589.9561875788536,-0.0014224814812700602,0.40993149967292614,0.912101630500301,-0.004975717137638717
-544.6360205179811,-1079.5254443762665,589.8591856803804,-0.0014286266908034764,0.4088045060159791,0.9126073058256946,-0.004973956209766206
-544.2703661373773,-1078.9461590748126,589.7521570355013,-0.0014345182928189523,0.40772306085390714,0.9130909727038828,-0.004972260237147258
-543.911197491584,-1078.3486942765908,589.6350273287995,-0.0014401518969456935,0.4066880917483413,0.9135524149251069,-0.0049706314600935384
-543.5858418714889,-1077.732607733508,589.4979749263949,-0.0014455399726699698,0.4056974226853086,0.9139927899124258,-0.004969067194731945
-543.2663452935367,-1077.098640948105,589.3608201822335,-0.0014506734399880148,0.40475283222629993,0.914411484830648,-0.00496757095257443
-542.9659869538609,-1076.447024764974,589.2136530209607,-0.0014555635738762848,0.40385234946368537,0.914809542264434,-0.004966140280011469
-542.685057351784,-1075.7774849209236,589.0464726762382,-0.0014602041846381983,0.4029972120405889,0.9151865743513257,-0.004964777773225403
-542.4083353816787,-1075.0915401520972,588.8691901026,-0.0014646082836673369,0.40218511413460056,0.9155437470454049,-0.0049634803488843296
-542.163745004979,-1074.388049690112,588.6919831941182,-0.0014687771689779262,0.4014159010016192,0.9158812658901043,-0.0049622483035653385
-541.9293422313248,-1073.661535892666,588.4946610777307,-0.0014727174092559116,0.400688439511328,0.9161997561816847,-0.004961080329003195
-541.7116477137693,-1072.9341141977675,588.2874427653173,-0.0014764466073388881,0.39999955056609543,0.9165007246763766,-0.004959971775527093
-541.5010010381919,-1072.1866580259668,588.0701124683867,-0.001479989835340737,0.39934466322771056,0.9167862666603096,-0.004958915676399023
-541.3033656506987,-1071.4275119960441,587.8327754687281,-0.001483367499291514,0.3987200568827525,0.9170580870505513,-0.0049579063585745075
-541.1248850054923,-1070.6497075712214,587.5954187156908,-0.001486586103114262,0.39812457366936455,0.9173167624250571,-0.004956942238555483
-540.9520040889946,-1069.867782752712,587.3480662072459,-0.0014896429034368434,0.3975587634000673,0.9175621223814827,-0.004956024477198245
-540.783616945293,-1069.0827951594665,587.0907189282354,-0.0014925529102921354,0.3970198864344894,0.9177954175963982,-0.004955148878522861
-540.6332910457407,-1068.2803250601744,586.8133528281561,-0.0014953169387146787,0.3965078267670211,0.9180167548023814,-0.004954315477554982
-540.485898109526,-1067.461521515794,586.5358770923042,-0.0014979471336763724,0.3960203662071711,0.9182271441939297,-0.004953520867328475
-540.3562078986741,-1066.639885382335,586.2484965721205,-0.0015004389388714283,0.39555837855823867,0.9184262561239084,-0.0049527666600665
-540.228806897897,-1065.802400024221,585.9610059499519,-0.0015028034422050792,0.39511983532541123,0.9186150088681448,-0.004952049718292866
-540.1115529721094,-1064.969844926855,585.6636215232136,-0.0015050360863857757,0.394705606917988,0.9187930684615032,-0.0049513716258249565
-540.0027293747719,-1064.1149333026667,585.3561159700721,-0.001507150763775037,0.3943131388363147,0.9189615701031545,-0.00495072834778886
-539.9031088484296,-1063.2657610344443,585.03871671213,-0.001509144708384618,0.3939429651891947,0.9191203180015914,-0.004950120892210876
-539.8047282724744,-1062.4014235092143,584.7212057595538,-0.0015110207744772263,0.3935945756857592,0.9192695626290197,-0.004949548546831936
-539.7215113700342,-1061.5217204788312,584.403674464307,-0.001512780805079142,0.39326764615755005,0.9194094720368623,-0.00494901089452549
-539.639428706194,-1060.6414084774917,584.0761453865531,-0.0015144276407213862,0.3929616656090896,0.9195402917475295,-0.004948507201102869
-539.5646477346216,-1059.7536775731742,583.7586068905364,-0.0015159695333729225,0.39267511567130164,0.9196626948604208,-0.004948035061742488
-539.5047864611139,-1058.8505066375192,583.4410458338266,-0.0015173936882486492,0.3924103882927861,0.9197756824059367,-0.004947598507681383
-539.4455786424959,-1057.9475095281216,583.0734878355635,-0.001518711153132857,0.39216544309676765,0.9198801465550377,-0.004947194258536626
-539.3931856281034,-1057.0369653894245,582.7359172269367,-0.0015199237644175534,0.3919399501724012,0.9199762465652346,-0.004946821843234975
-539.3475276511897,-1056.11867695828,582.4383324506541,-0.0015210297365234814,0.3917342521489447,0.9200638534790447,-0.004946481895141152
-539.3090487635692,-1055.1924422770621,582.150733265984,-0.0015220226760933582,0.3915495481379019,0.9201424727390899,-0.004946176459832939
-539.2767008922403,-1054.2589217551733,581.9031195087898,-0.001522915431807192,0.3913834568512633,0.9202131320996008,-0.004945901655503414
-539.2555133041668,-1053.3220972202723,581.0555219657773,-0.0015236924046173632,0.39123888831490317,0.9202746063298283,-0.004945662347396885
-539.2349776351082,-1052.3715409622894,581.0478651386203,-0.0015243674141752837,0.39111327819528424,0.9203279971861879,-0.004945454335543747
-539.2210891022104,-1051.4132610824463,581.040191578007,-0.0015249312720640625,0.39100834225660414,0.9203725849193599,-0.004945280499003972
-539.2062711082843,-1050.4406362274353,581.0323983318477,-0.0015253885902311861,0.3909232272922781,0.9204087402609733,-0.004945139456793954
-539.2238189032721,-1049.4431736244228,581.0246246272801,-0.0015253885902311861,0.3909232272922781,0.9204087402609733,-0.004945139456793954
