48.65,201.36,52.24,-0.737140,0.042600,-0.032647,0.673605,100,0.3,0.3,0.3,0.03,0.3,0.03
48.86,200.39,52.63,-0.735809,0.042745,-0.032850,0.675040,100,0.3,0.3,0.3,0.03,0.3,0.03
49.07,199.42,53.08,-0.733749,0.042963,-0.033167,0.677250,100,0.3,0.3,0.3,0.03,0.3,0.03
49.25,198.44,53.65,-0.730872,0.043259,-0.033613,0.680313,100,0.3,0.3,0.3,0.03,0.3,0.03
49.42,197.47,54.34,-0.727433,0.043596,-0.034154,0.683940,100,0.3,0.3,0.3,0.03,0.3,0.03
49.57,196.49,55.13,-0.723609,0.043948,-0.034772,0.687931,100,0.3,0.3,0.3,0.03,0.3,0.03
49.71,195.51,55.99,-0.719640,0.044280,-0.035437,0.692027,100,0.3,0.3,0.3,0.03,0.3,0.03
49.83,194.53,56.88,-0.715750,0.044565,-0.036124,0.695997,100,0.3,0.3,0.3,0.03,0.3,0.03
49.94,193.54,57.76,-0.712143,0.044779,-0.036809,0.699637,100,0.3,0.3,0.3,0.03,0.3,0.03
50.03,192.56,58.60,-0.708986,0.044908,-0.037468,0.702794,100,0.3,0.3,0.3,0.03,0.3,0.03
50.11,191.57,59.38,-0.706393,0.044948,-0.038087,0.705364,100,0.3,0.3,0.3,0.03,0.3,0.03
50.17,190.58,60.09,-0.704434,0.044906,-0.038652,0.707292,100,0.3,0.3,0.3,0.03,0.3,0.03
50.22,189.59,60.74,-0.703138,0.044792,-0.039156,0.708560,100,0.3,0.3,0.3,0.03,0.3,0.03
50.26,188.60,61.32,-0.702505,0.044624,-0.039596,0.709173,100,0.3,0.3,0.3,0.03,0.3,0.03
50.29,187.61,61.83,-0.702519,0.044421,-0.039972,0.709152,100,0.3,0.3,0.3,0.03,0.3,0.03
50.31,186.62,62.29,-0.703150,0.044201,-0.040284,0.708522,100,0.3,0.3,0.3,0.03,0.3,0.03
50.33,185.62,62.70,-0.704366,0.043981,-0.040538,0.707312,100,0.3,0.3,0.3,0.03,0.3,0.03
50.35,184.63,63.06,-0.706126,0.043773,-0.040737,0.705557,100,0.3,0.3,0.3,0.03,0.3,0.03
50.36,183.63,63.37,-0.708386,0.043591,-0.040884,0.703290,100,0.3,0.3,0.3,0.03,0.3,0.03
50.38,182.63,63.63,-0.711093,0.043443,-0.040984,0.700557,100,0.3,0.3,0.3,0.03,0.3,0.03
50.39,181.64,63.85,-0.714188,0.043338,-0.041039,0.697405,100,0.3,0.3,0.3,0.03,0.3,0.03
50.42,180.64,64.00,-0.717603,0.043281,-0.041055,0.693893,100,0.3,0.3,0.3,0.03,0.3,0.03
50.44,179.64,64.10,-0.721267,0.043278,-0.041035,0.690085,100,0.3,0.3,0.3,0.03,0.3,0.03
50.48,178.63,64.11,-0.725108,0.043334,-0.040983,0.686047,100,0.3,0.3,0.3,0.03,0.3,0.03
50.52,177.63,64.05,-0.729058,0.043452,-0.040903,0.681846,100,0.3,0.3,0.3,0.03,0.3,0.03
50.58,176.63,63.93,-0.733057,0.043632,-0.040798,0.677539,100,0.3,0.3,0.3,0.03,0.3,0.03
50.65,175.63,63.75,-0.737059,0.043874,-0.040673,0.673176,100,0.3,0.3,0.3,0.03,0.3,0.03
50.73,174.63,63.56,-0.741031,0.044176,-0.040530,0.668789,100,0.3,0.3,0.3,0.03,0.3,0.03
50.82,173.63,63.38,-0.744960,0.044531,-0.040374,0.664395,100,0.3,0.3,0.3,0.03,0.3,0.03
50.93,172.63,63.25,-0.748845,0.044931,-0.040205,0.659997,100,0.3,0.3,0.3,0.03,0.3,0.03
51.05,171.63,63.18,-0.752695,0.045365,-0.040026,0.655583,100,0.3,0.3,0.3,0.03,0.3,0.03
51.18,170.63,63.17,-0.756530,0.045821,-0.039838,0.651134,100,0.3,0.3,0.3,0.03,0.3,0.03
51.33,169.64,63.22,-0.760368,0.046285,-0.039641,0.646628,100,0.3,0.3,0.3,0.03,0.3,0.03
51.50,168.64,63.31,-0.764221,0.046743,-0.039433,0.642049,100,0.3,0.3,0.3,0.03,0.3,0.03
51.68,167.65,63.43,-0.768095,0.047182,-0.039215,0.637390,100,0.3,0.3,0.3,0.03,0.3,0.03
51.87,166.67,63.55,-0.771987,0.047590,-0.038984,0.632654,100,0.3,0.3,0.3,0.03,0.3,0.03
52.08,165.68,63.66,-0.775879,0.047958,-0.038739,0.627862,100,0.3,0.3,0.3,0.03,0.3,0.03
52.30,164.70,63.76,-0.779745,0.048280,-0.038480,0.623046,100,0.3,0.3,0.3,0.03,0.3,0.03
52.54,163.72,63.86,-0.783553,0.048554,-0.038209,0.618245,100,0.3,0.3,0.3,0.03,0.3,0.03
52.78,162.75,63.94,-0.787269,0.048781,-0.037926,0.613506,100,0.3,0.3,0.3,0.03,0.3,0.03
53.04,161.78,64.02,-0.790857,0.048963,-0.037636,0.608877,100,0.3,0.3,0.3,0.03,0.3,0.03
53.31,160.81,64.08,-0.794287,0.049109,-0.037343,0.604402,100,0.3,0.3,0.3,0.03,0.3,0.03
53.59,159.84,64.14,-0.797534,0.049226,-0.037053,0.600119,100,0.3,0.3,0.3,0.03,0.3,0.03
53.88,158.88,64.19,-0.800581,0.049322,-0.036773,0.596058,100,0.3,0.3,0.3,0.03,0.3,0.03
54.18,157.93,64.23,-0.803415,0.049407,-0.036508,0.592242,100,0.3,0.3,0.3,0.03,0.3,0.03
54.49,156.97,64.26,-0.806032,0.049491,-0.036263,0.588683,100,0.3,0.3,0.3,0.03,0.3,0.03
54.80,156.02,64.28,-0.808431,0.049579,-0.036045,0.585391,100,0.3,0.3,0.3,0.03,0.3,0.03
55.13,155.07,64.29,-0.810615,0.049679,-0.035856,0.582365,100,0.3,0.3,0.3,0.03,0.3,0.03
55.45,154.12,64.29,-0.812593,0.049795,-0.035699,0.579602,100,0.3,0.3,0.3,0.03,0.3,0.03
55.79,153.18,64.28,-0.814372,0.049931,-0.035576,0.577096,100,0.3,0.3,0.3,0.03,0.3,0.03
56.13,152.24,64.27,-0.815962,0.050088,-0.035486,0.574837,100,0.3,0.3,0.3,0.03,0.3,0.03
56.47,151.30,64.26,-0.817376,0.050266,-0.035428,0.572813,100,0.3,0.3,0.3,0.03,0.3,0.03
56.81,150.36,64.24,-0.818626,0.050466,-0.035399,0.571010,100,0.3,0.3,0.3,0.03,0.3,0.03
57.16,149.42,64.23,-0.819724,0.050684,-0.035399,0.569413,100,0.3,0.3,0.3,0.03,0.3,0.03
57.52,148.49,64.21,-0.820684,0.050920,-0.035422,0.568005,100,0.3,0.3,0.3,0.03,0.3,0.03
57.87,147.55,64.19,-0.821521,0.051169,-0.035466,0.566769,100,0.3,0.3,0.3,0.03,0.3,0.03
58.23,146.62,64.17,-0.822249,0.051427,-0.035525,0.565685,100,0.3,0.3,0.3,0.03,0.3,0.03
58.59,145.69,64.14,-0.822883,0.051691,-0.035595,0.564734,100,0.3,0.3,0.3,0.03,0.3,0.03
58.95,144.76,64.12,-0.823437,0.051955,-0.035672,0.563897,100,0.3,0.3,0.3,0.03,0.3,0.03
59.31,143.82,64.10,-0.823926,0.052215,-0.035751,0.563153,100,0.3,0.3,0.3,0.03,0.3,0.03
59.67,142.89,64.09,-0.824364,0.052465,-0.035827,0.562483,100,0.3,0.3,0.3,0.03,0.3,0.03
60.04,141.97,64.09,-0.824765,0.052700,-0.035897,0.561869,100,0.3,0.3,0.3,0.03,0.3,0.03
60.40,141.04,64.09,-0.825142,0.052919,-0.035956,0.561291,100,0.3,0.3,0.3,0.03,0.3,0.03
60.77,140.11,64.10,-0.825505,0.053116,-0.036003,0.560735,100,0.3,0.3,0.3,0.03,0.3,0.03
61.14,139.18,64.12,-0.825865,0.053290,-0.036036,0.560187,100,0.3,0.3,0.3,0.03,0.3,0.03
61.51,138.25,64.14,-0.826228,0.053440,-0.036055,0.559635,100,0.3,0.3,0.3,0.03,0.3,0.03
61.88,137.33,64.17,-0.826600,0.053567,-0.036058,0.559073,100,0.3,0.3,0.3,0.03,0.3,0.03
62.26,136.40,64.20,-0.826984,0.053673,-0.036048,0.558496,100,0.3,0.3,0.3,0.03,0.3,0.03
62.63,135.48,64.24,-0.827379,0.053760,-0.036027,0.557903,100,0.3,0.3,0.3,0.03,0.3,0.03
63.01,134.55,64.28,-0.827783,0.053830,-0.035996,0.557298,100,0.3,0.3,0.3,0.03,0.3,0.03
63.39,133.63,64.33,-0.828192,0.053890,-0.035959,0.556687,100,0.3,0.3,0.3,0.03,0.3,0.03
63.77,132.71,64.37,-0.828598,0.053941,-0.035920,0.556080,100,0.3,0.3,0.3,0.03,0.3,0.03
64.15,131.78,64.41,-0.828993,0.053989,-0.035880,0.555489,100,0.3,0.3,0.3,0.03,0.3,0.03
64.54,130.86,64.45,-0.829367,0.054036,-0.035845,0.554928,100,0.3,0.3,0.3,0.03,0.3,0.03
64.92,129.94,64.49,-0.829707,0.054086,-0.035816,0.554417,100,0.3,0.3,0.3,0.03,0.3,0.03
65.31,129.02,64.53,-0.830002,0.054140,-0.035796,0.553971,100,0.3,0.3,0.3,0.03,0.3,0.03
65.70,128.10,64.57,-0.830239,0.054200,-0.035787,0.553611,100,0.3,0.3,0.3,0.03,0.3,0.03
66.09,127.19,64.61,-0.830402,0.054265,-0.035792,0.553359,100,0.3,0.3,0.3,0.03,0.3,0.03
66.49,126.27,64.65,-0.830480,0.054335,-0.035811,0.553234,100,0.3,0.3,0.3,0.03,0.3,0.03
66.88,125.35,64.69,-0.830458,0.054406,-0.035844,0.553259,100,0.3,0.3,0.3,0.03,0.3,0.03
67.27,124.44,64.72,-0.830320,0.054477,-0.035891,0.553455,100,0.3,0.3,0.3,0.03,0.3,0.03
67.66,123.52,64.76,-0.830054,0.054541,-0.035953,0.553843,100,0.3,0.3,0.3,0.03,0.3,0.03
68.06,122.61,64.79,-0.829646,0.054596,-0.036027,0.554445,100,0.3,0.3,0.3,0.03,0.3,0.03
68.45,121.69,64.82,-0.829080,0.054637,-0.036112,0.555280,100,0.3,0.3,0.3,0.03,0.3,0.03
68.84,120.77,64.86,-0.828345,0.054658,-0.036208,0.556368,100,0.3,0.3,0.3,0.03,0.3,0.03
69.23,119.86,64.89,-0.827429,0.054656,-0.036313,0.557724,100,0.3,0.3,0.3,0.03,0.3,0.03
69.61,118.94,64.93,-0.826319,0.054627,-0.036425,0.559361,100,0.3,0.3,0.3,0.03,0.3,0.03
70.00,118.02,64.96,-0.825008,0.054569,-0.036545,0.561291,100,0.3,0.3,0.3,0.03,0.3,0.03
70.37,117.10,64.99,-0.823487,0.054480,-0.036672,0.563521,100,0.3,0.3,0.3,0.03,0.3,0.03
70.75,116.18,65.03,-0.821750,0.054359,-0.036806,0.566054,100,0.3,0.3,0.3,0.03,0.3,0.03
71.11,115.26,65.07,-0.819793,0.054205,-0.036948,0.568890,100,0.3,0.3,0.3,0.03,0.3,0.03
71.48,114.34,65.10,-0.817614,0.054019,-0.037097,0.572025,100,0.3,0.3,0.3,0.03,0.3,0.03
71.83,113.41,65.14,-0.815212,0.053801,-0.037255,0.575453,100,0.3,0.3,0.3,0.03,0.3,0.03
72.17,112.48,65.18,-0.812588,0.053552,-0.037421,0.579166,100,0.3,0.3,0.3,0.03,0.3,0.03
72.51,111.55,65.23,-0.809742,0.053273,-0.037596,0.583152,100,0.3,0.3,0.3,0.03,0.3,0.03
72.84,110.62,65.27,-0.806678,0.052965,-0.037780,0.587400,100,0.3,0.3,0.3,0.03,0.3,0.03
73.15,109.68,65.30,-0.803398,0.052630,-0.037973,0.591895,100,0.3,0.3,0.3,0.03,0.3,0.03
73.46,108.74,65.34,-0.799906,0.052268,-0.038174,0.596625,100,0.3,0.3,0.3,0.03,0.3,0.03
73.75,107.79,65.38,-0.796206,0.051882,-0.038383,0.601573,100,0.3,0.3,0.3,0.03,0.3,0.03
74.03,106.85,65.41,-0.792304,0.051475,-0.038601,0.606725,100,0.3,0.3,0.3,0.03,0.3,0.03
74.30,105.90,65.44,-0.788203,0.051046,-0.038825,0.612064,100,0.3,0.3,0.3,0.03,0.3,0.03
74.55,104.94,65.47,-0.783910,0.050600,-0.039057,0.617576,100,0.3,0.3,0.3,0.03,0.3,0.03
74.79,103.99,65.50,-0.779429,0.050139,-0.039294,0.623243,100,0.3,0.3,0.3,0.03,0.3,0.03
75.02,103.02,65.52,-0.774767,0.049666,-0.039538,0.629052,100,0.3,0.3,0.3,0.03,0.3,0.03
75.23,102.06,65.54,-0.769928,0.049183,-0.039787,0.634988,100,0.3,0.3,0.3,0.03,0.3,0.03
75.42,101.09,65.55,-0.764916,0.048692,-0.040041,0.641038,100,0.3,0.3,0.3,0.03,0.3,0.03
75.60,100.12,65.56,-0.759736,0.048198,-0.040299,0.647189,100,0.3,0.3,0.3,0.03,0.3,0.03
75.76,99.15,65.57,-0.754392,0.047702,-0.040562,0.653431,100,0.3,0.3,0.3,0.03,0.3,0.03
75.91,98.18,65.57,-0.748889,0.047208,-0.040830,0.659750,100,0.3,0.3,0.3,0.03,0.3,0.03
76.03,97.20,65.57,-0.743232,0.046719,-0.041103,0.666133,100,0.3,0.3,0.3,0.03,0.3,0.03
76.14,96.22,65.56,-0.737431,0.046236,-0.041383,0.672566,100,0.3,0.3,0.3,0.03,0.3,0.03
76.24,95.24,65.55,-0.731496,0.045762,-0.041668,0.679031,100,0.3,0.3,0.3,0.03,0.3,0.03
76.31,94.26,65.54,-0.725442,0.045298,-0.041962,0.685508,100,0.3,0.3,0.3,0.03,0.3,0.03
76.37,93.27,65.53,-0.719286,0.044845,-0.042265,0.691975,100,0.3,0.3,0.3,0.03,0.3,0.03
76.41,92.29,65.53,-0.713051,0.044404,-0.042578,0.698408,100,0.3,0.3,0.3,0.03,0.3,0.03
76.43,91.31,65.53,-0.706758,0.043972,-0.042901,0.704783,100,0.3,0.3,0.3,0.03,0.3,0.03
76.44,90.32,65.56,-0.700432,0.043549,-0.043234,0.711077,100,0.3,0.3,0.3,0.03,0.3,0.03
76.42,89.34,65.59,-0.694095,0.043132,-0.043575,0.717268,100,0.3,0.3,0.3,0.03,0.3,0.03
76.39,88.35,65.64,-0.687767,0.042718,-0.043924,0.723341,100,0.3,0.3,0.3,0.03,0.3,0.03
76.35,87.37,65.69,-0.681464,0.042304,-0.044276,0.729285,100,0.3,0.3,0.3,0.03,0.3,0.03
76.28,86.38,65.74,-0.675197,0.041887,-0.044629,0.735094,100,0.3,0.3,0.3,0.03,0.3,0.03
76.20,85.40,65.78,-0.668971,0.041465,-0.044978,0.740766,100,0.3,0.3,0.3,0.03,0.3,0.03
76.10,84.42,65.81,-0.662790,0.041035,-0.045319,0.746305,100,0.3,0.3,0.3,0.03,0.3,0.03
75.98,83.44,65.82,-0.656652,0.040595,-0.045648,0.751715,100,0.3,0.3,0.3,0.03,0.3,0.03
75.85,82.47,65.82,-0.650556,0.040144,-0.045961,0.757003,100,0.3,0.3,0.3,0.03,0.3,0.03
75.70,81.49,65.80,-0.644500,0.039683,-0.046255,0.762171,100,0.3,0.3,0.3,0.03,0.3,0.03
75.53,80.52,65.78,-0.638487,0.039212,-0.046529,0.767223,100,0.3,0.3,0.3,0.03,0.3,0.03
75.35,79.55,65.75,-0.632522,0.038731,-0.046783,0.772157,100,0.3,0.3,0.3,0.03,0.3,0.03
75.15,78.59,65.72,-0.626613,0.038243,-0.047016,0.776970,100,0.3,0.3,0.3,0.03,0.3,0.03
74.93,77.63,65.69,-0.620771,0.037751,-0.047232,0.781657,100,0.3,0.3,0.3,0.03,0.3,0.03
74.70,76.67,65.67,-0.615006,0.037256,-0.047431,0.786212,100,0.3,0.3,0.3,0.03,0.3,0.03
74.46,75.71,65.66,-0.609328,0.036763,-0.047617,0.790633,100,0.3,0.3,0.3,0.03,0.3,0.03
74.19,74.76,65.63,-0.603744,0.036273,-0.047792,0.794917,100,0.3,0.3,0.3,0.03,0.3,0.03
73.92,73.81,65.60,-0.598257,0.035790,-0.047959,0.799067,100,0.3,0.3,0.3,0.03,0.3,0.03
73.63,72.87,65.54,-0.592864,0.035317,-0.048121,0.803087,100,0.3,0.3,0.3,0.03,0.3,0.03
73.33,71.93,65.47,-0.587559,0.034858,-0.048278,0.806988,100,0.3,0.3,0.3,0.03,0.3,0.03
73.01,71.00,65.38,-0.582331,0.034415,-0.048432,0.810777,100,0.3,0.3,0.3,0.03,0.3,0.03
72.68,70.06,65.26,-0.577170,0.033992,-0.048586,0.814468,100,0.3,0.3,0.3,0.03,0.3,0.03
72.33,69.14,65.14,-0.572064,0.033591,-0.048740,0.818070,100,0.3,0.3,0.3,0.03,0.3,0.03
71.98,68.22,64.99,-0.567004,0.033214,-0.048896,0.821591,100,0.3,0.3,0.3,0.03,0.3,0.03
71.61,67.30,64.85,-0.561988,0.032863,-0.049056,0.825035,100,0.3,0.3,0.3,0.03,0.3,0.03
71.23,66.39,64.70,-0.557019,0.032539,-0.049220,0.828401,100,0.3,0.3,0.3,0.03,0.3,0.03
70.84,65.48,64.55,-0.552105,0.032241,-0.049389,0.831686,100,0.3,0.3,0.3,0.03,0.3,0.03
70.44,64.57,64.40,-0.547266,0.031969,-0.049564,0.834878,100,0.3,0.3,0.3,0.03,0.3,0.03
70.03,63.67,64.26,-0.542527,0.031719,-0.049743,0.837964,100,0.3,0.3,0.3,0.03,0.3,0.03
69.61,62.78,64.12,-0.537921,0.031489,-0.049926,0.840926,100,0.3,0.3,0.3,0.03,0.3,0.03
69.18,61.88,64.00,-0.533486,0.031274,-0.050111,0.843744,100,0.3,0.3,0.3,0.03,0.3,0.03
68.74,61.00,63.89,-0.529261,0.031068,-0.050295,0.846397,100,0.3,0.3,0.3,0.03,0.3,0.03
68.29,60.11,63.80,-0.525286,0.030869,-0.050476,0.848866,100,0.3,0.3,0.3,0.03,0.3,0.03
67.83,59.23,63.74,-0.521597,0.030672,-0.050654,0.851135,100,0.3,0.3,0.3,0.03,0.3,0.03
67.37,58.36,63.70,-0.518223,0.030475,-0.050826,0.853190,100,0.3,0.3,0.3,0.03,0.3,0.03
66.90,57.48,63.69,-0.515187,0.030275,-0.050995,0.855024,100,0.3,0.3,0.3,0.03,0.3,0.03
66.42,56.61,63.70,-0.512495,0.030074,-0.051161,0.856637,100,0.3,0.3,0.3,0.03,0.3,0.03
65.94,55.75,63.71,-0.510150,0.029872,-0.051328,0.858033,100,0.3,0.3,0.3,0.03,0.3,0.03
65.45,54.88,63.71,-0.508140,0.029675,-0.051500,0.859221,100,0.3,0.3,0.3,0.03,0.3,0.03
64.96,54.02,63.68,-0.506451,0.029484,-0.051682,0.860213,100,0.3,0.3,0.3,0.03,0.3,0.03
64.46,53.16,63.59,-0.505067,0.029306,-0.051877,0.861021,100,0.3,0.3,0.3,0.03,0.3,0.03
63.95,52.31,63.43,-0.503972,0.029144,-0.052087,0.861655,100,0.3,0.3,0.3,0.03,0.3,0.03
63.44,51.46,63.22,-0.503154,0.029001,-0.052316,0.862124,100,0.3,0.3,0.3,0.03,0.3,0.03
62.93,50.61,62.96,-0.502615,0.028880,-0.052561,0.862428,100,0.3,0.3,0.3,0.03,0.3,0.03
62.41,49.76,62.69,-0.502362,0.028784,-0.052822,0.862563,100,0.3,0.3,0.3,0.03,0.3,0.03
61.88,48.91,62.42,-0.502415,0.028711,-0.053094,0.862517,100,0.3,0.3,0.3,0.03,0.3,0.03
61.36,48.07,62.15,-0.502805,0.028662,-0.053372,0.862274,100,0.3,0.3,0.3,0.03,0.3,0.03
60.83,47.22,61.88,-0.503570,0.028638,-0.053648,0.861811,100,0.3,0.3,0.3,0.03,0.3,0.03
60.30,46.38,61.58,-0.504757,0.028637,-0.053917,0.861100,100,0.3,0.3,0.3,0.03,0.3,0.03
59.76,45.54,61.23,-0.506416,0.028659,-0.054170,0.860109,100,0.3,0.3,0.3,0.03,0.3,0.03
59.23,44.70,60.85,-0.508602,0.028704,-0.054401,0.858802,100,0.3,0.3,0.3,0.03,0.3,0.03
58.69,43.85,60.42,-0.511368,0.028772,-0.054604,0.857142,100,0.3,0.3,0.3,0.03,0.3,0.03
58.16,43.01,59.97,-0.514765,0.028865,-0.054775,0.855093,100,0.3,0.3,0.3,0.03,0.3,0.03
57.63,42.16,59.51,-0.518836,0.028983,-0.054911,0.852616,100,0.3,0.3,0.3,0.03,0.3,0.03
57.10,41.31,59.05,-0.523610,0.029128,-0.055014,0.849681,100,0.3,0.3,0.3,0.03,0.3,0.03
56.57,40.45,58.60,-0.529092,0.029302,-0.055084,0.846267,100,0.3,0.3,0.3,0.03,0.3,0.03
56.06,39.59,58.13,-0.535257,0.029507,-0.055125,0.842372,100,0.3,0.3,0.3,0.03,0.3,0.03
55.55,38.72,57.62,-0.542036,0.029746,-0.055142,0.838017,100,0.3,0.3,0.3,0.03,0.3,0.03
55.05,37.85,57.03,-0.549305,0.030019,-0.055141,0.833260,100,0.3,0.3,0.3,0.03,0.3,0.03
54.57,36.97,56.35,-0.556892,0.030326,-0.055125,0.828199,100,0.3,0.3,0.3,0.03,0.3,0.03
54.10,36.07,55.54,-0.564567,0.030664,-0.055100,0.822975,100,0.3,0.3,0.3,0.03,0.3,0.03
53.65,35.17,54.62,-0.572071,0.031028,-0.055069,0.817765,100,0.3,0.3,0.3,0.03,0.3,0.03
53.22,34.26,53.63,-0.579125,0.031406,-0.055036,0.812772,100,0.3,0.3,0.3,0.03,0.3,0.03
52.80,33.35,52.62,-0.585474,0.031781,-0.055003,0.808198,100,0.3,0.3,0.3,0.03,0.3,0.03
52.41,32.42,51.66,-0.590874,0.032131,-0.054972,0.804247,100,0.3,0.3,0.3,0.03,0.3,0.03
52.05,31.49,50.80,-0.595190,0.032435,-0.054944,0.801048,100,0.3,0.3,0.3,0.03,0.3,0.03
51.70,30.55,50.03,-0.598188,0.032661,-0.054924,0.798804,100,0.3,0.3,0.3,0.03,0.3,0.03
51.38,29.60,49.32,-0.600072,0.032810,-0.054910,0.797384,100,0.3,0.3,0.3,0.03,0.3,0.03